;species;kingdom;phylum;tempcat;N;Duration;bp1_lead_year;se.bp1_lead_year;bp2_lead_year;se.bp2_lead_year;bp1_tail_year;se.bp1_tail_year;bp2_tail_year;se.bp2_tail_year;bp1_lead_temp;se.bp1_lead_temp;bp2_lead_temp;se.bp2_lead_temp;bp1_tail_temp;se.bp1_tail_temp;bp2_tail_temp;se.bp2_tail_temp
1;Achillea ptarmica;Plantae;Tracheophyta;generalist;30;49;NA;NA;NA;NA;1998.06559027555;3.66219518715271;2001.12490053951;1.92028580015083;4.38916141555528;0.146250377815229;4.54078021108884;0.0827869507201377;5.32447615909356;0.120830043244269;5.81543041056495;0.314312119639403
2;Achnatherum calamagrostis;Plantae;Tracheophyta;semicold;78;118;NA;NA;NA;NA;1971.29807986078;3.41168055108954;1997.70664928061;2.9608826802485;4.08782941271016;0.787082017375837;4.27814875326606;0.343482244626653;4.87386469650359;0.125783115890755;4.90519821534947;0.690934194243229
3;Actaea spicata;Plantae;Tracheophyta;generalist;39;61;1973.32742154814;2.53358056337432;1979.00027559718;2.83101253540534;1966.93982785572;5.13987710977882;1978.62080731502;4.69337274627232;3.77173488597888;0.495092679290311;5.47569810781754;0.68241347096893;NA;NA;NA;NA
4;Agrostis canina;Plantae;Tracheophyta;generalist;23;54;NA;NA;NA;NA;1989.46026816088;9.98463102901199;1998.94612675779;2.38818463976338;4.36792683881922;0.440355552164035;4.61336067051198;0.190236964559758;4.20568197219896;0.241239330086561;4.6128223724957;0.221679162691929
5;Agrostis capillaris;Plantae;Tracheophyta;generalist;35;54;NA;NA;NA;NA;NA;NA;NA;NA;3.17332810096509;0.303230509085347;3.67988604393159;0.575125292172625;4.39217595923334;0.144235322853341;4.61286645435485;0.197126030047424
6;Agrostis mertensii;Plantae;Tracheophyta;cold;29;63;NA;NA;NA;NA;1965.61415554315;6.58123035096449;1970.63085126119;19.9541480636166;3.08540927262984;0.324845959451462;3.71913720876298;0.638145308609715;3.06763232169832;0.285295433288764;5.4990874155785;1.72476236525323
7;Agrostis stolonifera;Plantae;Tracheophyta;generalist;25;54;1969.69165045557;9.26847977654349;1997.23299314845;4.29400037724494;NA;NA;NA;NA;3.85921525623454;0.309501875092629;5.03222580015603;0.227774255410171;4.67416437645098;0.811116243003843;5.0705847442163;0.558155050553681
8;Alchemilla alpina;Plantae;Tracheophyta;semicold;32;57;1978.99973607772;4.26979029788205;1995.33514184091;4.01463974567537;1986.00022331478;5.3463841114656;1999.15592339799;2.46041405166726;4.01324441757073;0.396954770210015;4.55334858846369;0.439188320932364;3.06766379017481;0.229431888839722;5.25452972981031;1.72099178157107
9;Alchemilla glabra;Plantae;Tracheophyta;generalist;26;74;1952.00137030515;4.70553416783626;1957.33120258031;3.31054340604935;1946.00220256127;5.78146191633843;1975.00006550412;4.40369462501824;3.12901688039772;0.237598423778151;4.01416347485965;0.749842407261629;4.30051274653755;0.175162910316926;4.37398842004632;0.0902336354498829
10;Alchemilla monticola;Plantae;Tracheophyta;generalist;23;73;1964.6409680395;5.03854634597013;1998.99999175665;2.99865912100123;1942.71855205476;3.23532443673676;1976.30730852384;13.0915646660193;3.67622435765313;0.295545174252638;5.25307991540209;0.294145182021005;NA;NA;NA;NA
11;Alchemilla wichurae;Plantae;Tracheophyta;semicold;21;60;NA;NA;NA;NA;NA;NA;NA;NA;4.09586168467064;0.316346053766822;4.39890070111772;0.165017836990029;4.18024493210491;1.05251899300887;4.60994000843826;0.703396006260924
12;Allium oleraceum;Plantae;Tracheophyta;generalist;20;67;1971.99997420852;7.86796687961513;2000.74422612174;1.87932093250894;1976.43615313653;25.7428917278744;1997.81059773163;25.7602035065307;4.36614099950852;0.729413767345945;5.40444051917285;0.498872686124505;NA;NA;NA;NA
13;Alopecurus geniculatus;Plantae;Tracheophyta;generalist;28;53;1979.38506939772;4.57557926127778;1994.53232053842;5.28399790989032;NA;NA;NA;NA;NA;NA;NA;NA;3.59100413604992;0.200671110882802;4.55492850285085;0.275118317365535
14;Andromeda polifolia;Plantae;Tracheophyta;generalist;28;104;NA;NA;NA;NA;NA;NA;NA;NA;4.06739185169766;1.19521681042207;4.4540086051944;0.625173530622768;3.2579394102033;0.619430115211326;4.02772753390185;2.67658408996588
15;Anemone nemorosa;Plantae;Tracheophyta;generalist;34;67;1983.68321339943;6.94094359234322;1991.81783346132;4.51995772792011;1956.58952940759;12.5597656175386;1981.02063079847;5.63177500938289;3.82464285357844;0.339996641429037;5.44740127977685;0.364533090766504;3.57278538635032;0.125211414124782;3.72010209283518;0.740085086686388
16;Antennaria dioica;Plantae;Tracheophyta;generalist;42;77;NA;NA;NA;NA;1986.00017096478;2.80350502218876;1994.26974337114;2.3454751267609;3.92581649933382;0.803792059581548;4.18819071566261;0.395016786156033;3.84313112076772;0.341310877781135;4.41646831068226;0.374005298641982
17;Anthoxanthum nitens;Plantae;Tracheophyta;semicold;83;120;NA;NA;NA;NA;1955.66146952207;3.11463077587599;1958.45085450569;3.22036436731812;4.91422227691078;0.129181935429417;4.95569272750316;0.0983535872701005;4.44947098265458;0.530858248553379;4.59772871940865;0.89566634244455
18;Anthoxanthum odoratum;Plantae;Tracheophyta;generalist;31;104;NA;NA;NA;NA;NA;NA;NA;NA;3.57172546783857;0.650800926630619;5.25460395163431;0.485044203653838;3.22598085812013;0.365983317287126;3.66206857273458;0.534977368048761
19;Anthyllis vulneraria;Plantae;Tracheophyta;generalist;29;69;NA;NA;NA;NA;1971.12169954114;5.8768731553576;1975.99986222672;3.79792743778254;NA;NA;NA;NA;4.99354900385277;0.213234386998332;5.31760406877835;0.0275102888618329
20;Apatania stigmatella;Animalia;Arthropoda;cold;21;64;NA;NA;NA;NA;1969.31452003183;4.20293304297887;1998.92056914229;5.48100059679267;3.65664442134981;0.144691181738429;3.91161670140281;0.194870606442108;3.61906566410424;0.194943314701597;4.13511743182504;0.223049515388584
21;Arabidopsis thaliana;Plantae;Tracheophyta;generalist;20;84;1995.62932572289;9.08326455175578;2000.63769614674;4.13581311788638;NA;NA;NA;NA;4.2807311169179;0.579561053662905;5.10485372675661;0.15158453783236;3.06771832701579;0.31270345067142;5.65652609577194;0.0894878609892319
22;Arabis alpina;Plantae;Tracheophyta;cold;24;65;NA;NA;NA;NA;1973.84784388236;2.65137193404125;1977.42616306194;4.15441314556562;NA;NA;NA;NA;3.06763993209587;0.300513417691575;4.512914988995;1.54569243929001
23;Arabis hirsuta;Plantae;Tracheophyta;generalist;27;65;1972.99966551065;4.1454740908735;1990.01206372188;6.91773328183316;NA;NA;NA;NA;3.14460270786157;0.113490766548753;4.00836988046765;0.231808494090106;4.8774149426407;0.162862423999429;5.12126689346267;0.170239237218193
24;Arctostaphylos alpinus;Plantae;Tracheophyta;semicold;75;119;NA;NA;NA;NA;1953.99790430914;9.67639763994939;2000.12942374961;3.28095947765157;3.84181957340473;1.59773964890839;4.26943944017894;0.74571654930889;4.92656863780934;0.0832590147202558;4.98135824586995;0.0616101682767325
25;Asplenium trichomanes;Plantae;Tracheophyta;generalist;23;84;NA;NA;NA;NA;NA;NA;NA;NA;3.17047298489108;0.479920215271029;5.42516755964303;1.078217219851;4.08245375031114;0.57200668998864;5.38211392800583;0.953883168657399
26;Asplenium viride;Plantae;Tracheophyta;generalist;35;78;1974.044276255;8.10307674142351;1994.99933213007;7.7580542405876;1973.42335667368;4.12549199717955;1977.99994047337;4.27097869537735;2.99665505047644;0.128350243949123;3.48857386526719;0.34182769622729;5.37276782190454;0.0174820128022495;5.44958125412494;0.0704285870857454
27;Astragalus alpinus;Plantae;Tracheophyta;cold;32;66;NA;NA;NA;NA;1988.10079734438;7.68275777693839;1994.6904732608;10.1602309032199;4.6816669794748;2.10869267039156;4.93972639532932;0.186506819598604;3.0770516872461;0.327882156852175;4.20623875206665;1.05765111740062
28;Athyrium filix-femina;Plantae;Tracheophyta;generalist;34;67;NA;NA;NA;NA;1961.99683944742;20.3527290773587;1996.04198358164;5.26287845300974;3.25737179771513;0.634977923870416;4.34789104151451;0.552374029640344;4.31418149504583;0.479226271303183;4.60350219286299;0.560477733475044
29;Avenella flexuosa;Plantae;Tracheophyta;generalist;34;54;1980.00107914072;4.13364729767272;1995.7380926495;7.49354483327375;1988.00027194304;1.75911696045731;1992.66130296627;2.39798139321187;3.84319342576525;0.755646896688269;4.34925322839433;0.489022031067659;4.01741848891864;0.258201283672967;4.61285853806624;0.245640111163432
30;Avenula pubescens;Plantae;Tracheophyta;generalist;31;69;1996.07774380055;5.33982661349144;2001.49869933629;3.56810702625051;1954.96563864352;12.6392295586182;1999.39339543064;3.95614100663191;NA;NA;NA;NA;NA;NA;NA;NA
31;Baetis rhodani;Animalia;Arthropoda;semicold;47;49;NA;NA;NA;NA;NA;NA;NA;NA;5.72895696708767;0.297772957129185;6.23376006720355;0.400524479510008;4.29286299938156;0.558081200906862;6.29120922897537;1.281751948
32;Barbarea stricta;Plantae;Tracheophyta;generalist;24;56;1966.9999826061;7.3591035027502;2005.91378310223;2.97099155380092;1978.00957869782;12.4185289492839;1996.99986143214;6.89009978819935;4.87543210624457;0.229370111879214;5.78284990107823;0.581720615721254;3.21530192027309;0.952354696794234;3.68529789279198;0.577650212335073
33;Bartsia alpina;Plantae;Tracheophyta;semicold;38;112;1970.99576653545;7.51269779765227;2000.98724414812;4.10441178195868;NA;NA;NA;NA;4.21254981935459;0.122100583050172;4.3123110362444;0.140248126562153;2.94597760518847;0.194581454764232;3.14467777436074;0.152363615253339
34;Betula nana;Plantae;Tracheophyta;semicold;33;105;NA;NA;NA;NA;1986.00010203377;4.89727755562219;2001.73312145208;3.38436488613619;4.90865768097502;0.0853556977957461;4.99007363641746;0.0649256977212006;NA;NA;NA;NA
35;Betula pubescens;Plantae;Tracheophyta;generalist;35;104;1948.99140949781;11.5871384372812;1979.64827561717;2.76323364993119;NA;NA;NA;NA;4.37589476819175;0.725817888100526;5.24281604700771;0.473882282295804;3.23120558113002;0.372077771469815;3.45370304041445;0.268770370839776
36;Blepharostoma trichophyllum;Plantae;Marchantiophyta;generalist;27;112;1970.00141043342;9.67926355668606;1992.61478041684;9.68233390874548;1971.72859681483;1.7459463617856;1974.69036606463;1.3766481601936;5.07946467841846;0.584551441070568;6.48515158739662;0.0769457012677249;NA;NA;NA;NA
37;Blysmus rufus;Plantae;Tracheophyta;generalist;59;102;1960.41070377652;31.6466875696674;2001.00368380426;7.40784493301161;NA;NA;NA;NA;4.29286081958374;0.209423574435889;4.41426776771007;0.130853531113538;4.24444828403267;0.236551934771477;4.67341051347996;0.285782517100549
38;Botrychium lunaria;Plantae;Tracheophyta;semicold;41;69;NA;NA;NA;NA;NA;NA;NA;NA;NA;NA;NA;NA;3.44296035765068;0.254182811263718;3.51452988950787;0.225921769160056
39;Buccinum undatum;Animalia;Mollusca;generalist;25;64;1926.99806998174;16.7544285012304;1968.3835579331;8.84983492404343;NA;NA;NA;NA;2.87147855687609;2.30902422303725;4.96151606443646;0.575090460255693;NA;NA;NA;NA
40;Caenis horaria;Animalia;Arthropoda;generalist;20;58;2007.63884027697;1.48983471176525;2011.66053107817;1.82784630993256;1970.50898517532;6.07540096505321;1997.10238129303;12.7684410840927;3.7789825159738;0.584492029185642;4.40767258074332;0.487717858418881;3.71053037744513;0.333670991183529;4.47219237059877;0.456305342997294
41;Calamagrostis purpurea;Plantae;Tracheophyta;generalist;42;69;1961.11750065603;2.78867809999394;1970.67511878477;1.91716030753948;NA;NA;NA;NA;4.91326931660303;0.1740787624323;5.05919213668088;0.300932335736295;NA;NA;NA;NA
42;Callitriche brutia;Plantae;Tracheophyta;generalist;49;99;1998.81809266648;3.57584852407599;2003.99997805933;3.03977647813369;1985.00027992304;18.4744922416564;2003.98168769835;17.5425320099677;NA;NA;NA;NA;5.09095159573738;0.934711586708645;5.59296082984735;0.427955864543745
43;Campanula latifolia;Plantae;Tracheophyta;generalist;24;52;1972.88202456663;2.25050703286044;1976.99767041163;3.08353273067058;NA;NA;NA;NA;3.90786440049308;0.29248159605561;5.07198087167753;1.45630888768661;NA;NA;NA;NA
44;Campanula rotundifolia;Plantae;Tracheophyta;generalist;34;49;NA;NA;NA;NA;1989.34737943674;1.90099412444495;1992.05828523827;1.7647051479609;NA;NA;NA;NA;4.10610037269341;0.14392303606535;4.31293542674305;0.125589271788052
45;Cardamine amara;Plantae;Tracheophyta;generalist;26;55;1959.2944064484;3.722922337751;1983.74809801518;13.0109788529669;NA;NA;NA;NA;3.42768763252186;0.116945270535743;3.79458060055324;0.432374898867833;3.65980031210455;0.400740363603182;4.32473109907798;0.321714960823792
46;Cardamine flexuosa;Plantae;Tracheophyta;generalist;23;76;NA;NA;NA;NA;NA;NA;NA;NA;4.22722415601408;0.301058206031611;4.34289030080789;0.585056302490145;3.79266382577401;0.357320765650341;4.71039689764823;0.387400871154643
47;Cardamine pratensis;Plantae;Tracheophyta;generalist;27;50;1984.54858269703;2.42213453006448;1986.96587236781;2.29352230053121;1988.82136848036;0.501071495204904;1991.09172677612;0.955168640383398;NA;NA;NA;NA;NA;NA;NA;NA
48;Carex adelostoma;Plantae;Tracheophyta;cold;39;58;1967.13186027586;2.32801657005649;1969.94636205119;2.38815537949422;NA;NA;NA;NA;NA;NA;NA;NA;NA;NA;NA;NA
49;Carex atrata;Plantae;Tracheophyta;semicold;42;65;1949.00217091991;6.89075612817443;1977.8393465358;8.9386849654148;1967.26054506579;6.56762002637838;1977.99972713691;4.62810555662717;3.285556212724;0.253522958668099;3.65986514138213;0.289149455138893;3.06891848262577;0.108083456413838;3.44459777581275;0.142128438322867
50;Carex atrofusca;Plantae;Tracheophyta;cold;33;63;1974.76951110373;3.64013658797572;1993.42980857501;13.4742893290202;NA;NA;NA;NA;NA;NA;NA;NA;3.46114242945987;0.225299905559122;3.62727563965402;0.213558447322361
51;Carex bigelowii;Plantae;Tracheophyta;semicold;44;119;NA;NA;NA;NA;1995.21181559382;2.73852174419685;1999.13234071891;1.649516868478;4.95644989159653;0.0235110487772943;4.98257508439456;0.0337254458574497;5.35800015101296;0.0589474117950633;5.49504151019073;0.142296874923004
52;Carex brunnescens;Plantae;Tracheophyta;semicold;35;69;1996.43599857658;1.50845802215509;2001.41590077189;1.072707916259;1981.00059066282;5.76568710259812;2003.59358914653;1.50275828044433;5.23770922660624;0.174594793770244;5.57590302438837;0.152595567408082;3.12940118531928;0.0555523306353981;5.46535091206269;0.270851341584267
53;Carex buxbaumii;Plantae;Tracheophyta;semicold;34;62;1993.4819932553;8.35935929289527;2007.31044834714;9.84485843312081;NA;NA;NA;NA;NA;NA;NA;NA;4.21939910901199;0.176380388618265;4.45397915181629;0.189656679797993
54;Carex canescens;Plantae;Tracheophyta;generalist;41;65;1980.24904041676;9.33268318019152;2002.01639442299;3.23390883629126;NA;NA;NA;NA;4.36323559962603;0.0471044870973844;4.43335469985695;0.106443332679845;4.24485323458448;0.143760869546128;4.37566800660693;0.0885572048921945
55;Carex capillaris;Plantae;Tracheophyta;semicold;46;78;NA;NA;NA;NA;NA;NA;NA;NA;NA;NA;NA;NA;NA;NA;NA;NA
56;Carex chordorrhiza;Plantae;Tracheophyta;semicold;27;57;NA;NA;NA;NA;1975.90371738421;1.25076567009824;1977.63689687365;1.89389092536347;NA;NA;NA;NA;NA;NA;NA;NA
57;Carex dacica;Plantae;Tracheophyta;semicold;41;120;1965.26921836622;11.3809510208103;1986.67331789691;20.0371777801902;NA;NA;NA;NA;3.59101869020516;0.594448552131987;4.88409915543736;0.359987389706648;3.59099905310794;0.496366459684359;4.94491300198763;0.256611658366607
58;Carex demissa;Plantae;Tracheophyta;generalist;44;84;NA;NA;NA;NA;NA;NA;NA;NA;4.95856614090939;0.345490730556338;5.21850236568751;0.975972753136583;3.33698245085714;0.983943561835692;5.36351056843981;0.734575492433712
59;Carex digitata;Plantae;Tracheophyta;generalist;40;64;NA;NA;NA;NA;1976.99378133205;2.60934924292045;1980.98076743648;2.78304381146439;NA;NA;NA;NA;NA;NA;NA;NA
60;Carex dioica;Plantae;Tracheophyta;generalist;47;101;NA;NA;NA;NA;1971.99907345142;1.89629365421687;1974.99789041806;2.84856120657101;4.4200831987276;0.689340478194467;4.79162809833664;1.14105469388074;NA;NA;NA;NA
61;Carex echinata;Plantae;Tracheophyta;generalist;32;55;NA;NA;NA;NA;1986.00114867234;4.71460990907335;1999.86440226411;3.56142989192191;3.3574641663554;0.550747914089711;3.49787784036494;0.282364795957491;NA;NA;NA;NA
62;Carex flava;Plantae;Tracheophyta;generalist;61;119;NA;NA;NA;NA;NA;NA;NA;NA;NA;NA;NA;NA;NA;NA;NA;NA
63;Carex hostiana;Plantae;Tracheophyta;generalist;36;85;1975.99913063687;6.43250491464336;1997.01532368745;5.15455668698314;1976.48448320078;1.9996472081395;1985.99970839984;2.78560735483983;4.24424553837285;0.0737273838053625;4.36633562098862;0.0942482005121179;5.09489032524278;1.2197376813636;5.78639790427059;1.06307132771204
64;Carex lachenalii;Plantae;Tracheophyta;cold;26;63;NA;NA;NA;NA;1972.15797439228;2.91360135056179;1977.35674876263;2.30445391158726;4.15598222537848;0.429648659295449;4.87746732410858;0.322703771092365;5.37882876210727;0.0013099945141599;5.38703429707213;0.00760548966319047
65;Carex lasiocarpa;Plantae;Tracheophyta;generalist;28;63;1982.92202499137;17.334056439404;2002.00019982201;1.04869684432424;1967.19719595807;15.2469649041814;1990.63273611144;4.4991490884406;NA;NA;NA;NA;NA;NA;NA;NA
66;Carex lepidocarpa;Plantae;Tracheophyta;generalist;25;85;NA;NA;NA;NA;NA;NA;NA;NA;3.60895912916795;0.370275032557619;5.56600069611765;0.495990537133341;5.67014354859835;0.476720824159414;6.16913330098717;0.244878788407234
67;Carex leporina;Plantae;Tracheophyta;generalist;22;70;NA;NA;NA;NA;1986.00531895888;1.87297493900099;1992.30326419296;1.65880601615195;NA;NA;NA;NA;4.5219246831456;0.639616203948633;5.02008676867442;0.298341423953514
68;Carex limosa;Plantae;Tracheophyta;generalist;40;77;NA;NA;NA;NA;NA;NA;NA;NA;3.58627512219194;0.340031494275338;5.46263722741258;0.959309928587324;2.97623598476681;0.174689890067085;5.20748525882929;0.227688538030396
69;Carex microglochin;Plantae;Tracheophyta;cold;24;59;1962.67831501098;7.0019837232918;1977.99992206816;3.07256301642106;NA;NA;NA;NA;4.27013886110374;0.160472346129779;4.4264285307508;0.174463887697496;3.06765256396146;0.273814915799586;3.48041025314591;0.614917948444968
70;Carex nigra;Plantae;Tracheophyta;generalist;62;106;NA;NA;NA;NA;1987.18754979844;5.32661099614026;2000.22811166237;2.02356117057604;3.91947376389238;0.237015861037685;4.69827507468087;0.240641469685325;4.79550215614158;0.249537945348352;5.16941247981939;0.182279056321395
71;Carex norvegica;Plantae;Tracheophyta;cold;38;71;1986.96859435066;5.20106519772796;2005.55294547846;6.07983547302704;1975.50719897839;1.3540979832133;1977.83858745698;1.59455950194574;5.07946131581541;0.714913715865703;5.60290768591645;0.155110059844154;3.03845313757888;0.15577053136349;5.49261366375075;0.431490876662298
72;Carex oederi;Plantae;Tracheophyta;generalist;77;105;1967.89106972642;1.6366888758649;1969.82882243758;2.77403562672102;1976.47727536697;3.76568476566429;1978.95042143088;5.12303553820521;5.58390737017794;0.248960442398622;5.66788623075326;0.213280356378011;NA;NA;NA;NA
73;Carex ornithopoda;Plantae;Tracheophyta;semicold;30;64;1948.57340735458;6.12163273688357;1983.63371395879;36.833696033716;NA;NA;NA;NA;3.06768440476037;0.383865184792883;4.97213725725585;0.359805486603442;NA;NA;NA;NA
74;Carex pallescens;Plantae;Tracheophyta;generalist;31;65;1975.55256238287;1.39313361967015;1977.06518095402;0.936216044553371;NA;NA;NA;NA;NA;NA;NA;NA;3.56291587487467;0.398823242826807;3.84594421382739;5.59474837317383
75;Carex panicea;Plantae;Tracheophyta;generalist;45;119;1953.8490211431;8.93695673787303;1967.1255349676;9.80587894084952;1987.99991219498;1.83646748521611;1993.27777066736;1.8915389182891;NA;NA;NA;NA;NA;NA;NA;NA
76;Carex pauciflora;Plantae;Tracheophyta;generalist;28;51;NA;NA;NA;NA;1982.99997736143;5.39529988665571;1999.99660742374;3.25938020137175;4.07983753146198;0.404513796330362;4.56178155223236;0.266865615139663;NA;NA;NA;NA
77;Carex pilulifera;Plantae;Tracheophyta;generalist;35;68;NA;NA;NA;NA;NA;NA;NA;NA;4.0169215794521;0.39366122311565;4.79380118254752;0.279403278184744;NA;NA;NA;NA
78;Carex pulicaris;Plantae;Tracheophyta;generalist;37;66;1950.00005565657;7.53375049423319;1992.52805182193;13.1454922265701;1973.36032363525;2.29393181710573;1981.56907042459;2.68529196105224;NA;NA;NA;NA;NA;NA;NA;NA
79;Carex rariflora;Plantae;Tracheophyta;cold;25;63;1959.70349635357;5.27449744777639;1971.82088420876;3.19822659871808;1973.8549348074;1.70356269219937;1976.57497899694;3.67092024389042;3.84321893540663;0.515112180574338;4.68163566001635;0.334756232958816;NA;NA;NA;NA
80;Carex rostrata;Plantae;Tracheophyta;generalist;51;77;1939.39154299014;1.87836041332802;1979.99869016817;5.97443901829757;1991.99979044223;3.06316042849321;1999.97956676144;1.81993243148501;2.99702961763945;0.0368984249552052;3.27048704946494;0.501512011771977;5.38142902107429;0.195643458615443;5.79580292142205;0.430765368931936
81;Carex rupestris;Plantae;Tracheophyta;semicold;33;74;NA;NA;NA;NA;NA;NA;NA;NA;3.48219768750926;1.02060026137751;3.87915893130028;3.19205320334266;3.48368240395533;0.840423716410338;3.8784812519355;1.54860682878985
82;Carex saxatilis;Plantae;Tracheophyta;cold;37;82;NA;NA;NA;NA;1953.38991876977;127.050424946434;1981.00110521757;11.3132205812536;NA;NA;NA;NA;3.98861828714997;0.357412721398757;4.35073336795504;0.329018912936516
83;Carex simpliciuscula;Plantae;Tracheophyta;cold;29;63;1966.04452094348;7.21509166131141;1970.99952074028;8.75084621144802;1964.91857371062;6.48099066928998;1999.77755137035;6.22444464197147;4.35069933108349;0.631366469176167;5.12382695010785;0.46525728390869;3.18237423672323;0.197819545556693;3.4884012959448;0.12068549742156
84;Carex vaginata;Plantae;Tracheophyta;semicold;38;65;NA;NA;NA;NA;1964.10997583323;11.2627789078645;1977.92631761941;4.68755927562152;3.91623047465156;0.421390590282846;4.33280555933818;0.293582223452484;4.11559590470582;0.00114831418865763;4.1171964600346;0.000747744355664131
85;Carex vesicaria;Plantae;Tracheophyta;generalist;24;62;NA;NA;NA;NA;NA;NA;NA;NA;4.54834903702143;1.37813073775355;5.14571470151661;0.463811086914247;3.60938462479164;0.392989244183349;5.12192159876234;0.378178213957936
86;Carum carvi;Plantae;Tracheophyta;generalist;23;55;1993.763771795;47.8439758114696;1999.32407843362;8.58300340886971;NA;NA;NA;NA;4.13044823247779;0.199112974900449;4.42870051988418;0.267540912207551;4.90199069219551;0.0669924259156393;4.98448133791923;0.0661597144170689
87;Centaurea cyanus;Plantae;Tracheophyta;generalist;33;96;NA;NA;NA;NA;NA;NA;NA;NA;3.9722657358546;0.391413765278473;5.30556377992735;0.208095847739804;4.69173604986164;0.321376806527026;5.28592639635804;0.164421815295488
88;Centroptilum luteolum;Animalia;Arthropoda;generalist;32;57;1999.79268133348;1.43658007232197;2002.29354063201;1.47583937373586;1993.80839707323;4.67685934834622;2003.99809230272;4.20626237204514;3.02773089806337;0.047201501334379;6.2793103719593;3.22771321538558;NA;NA;NA;NA
89;Cerastium alpinum;Plantae;Tracheophyta;semicold;47;80;NA;NA;NA;NA;1987.10488102866;9.34496438483387;1997.17690566123;6.78386218521408;3.01506815466148;0.293346024413547;4.9053759027062;0.245141079708349;4.11552222324151;0.313001339780366;4.35204201594603;0.243507181165766
90;Cerastium cerastoides;Plantae;Tracheophyta;cold;24;60;1964.97671465162;2.47036988854523;1970.00474195586;1.91325104152461;1977.62705268726;7.91299036159665;1999.97730281707;2.60345440882774;4.2024743544342;0.126860586452649;4.35061701625326;0.039447185197744;NA;NA;NA;NA
91;Cerastium fontanum;Plantae;Tracheophyta;generalist;35;55;NA;NA;NA;NA;NA;NA;NA;NA;4.37423548880141;0.433044534956942;5.0515449128538;0.398742131652404;4.35068263270287;0.381277923916839;4.99394323115054;0.733905442624205
92;Cerastium holosteoides;Plantae;Tracheophyta;generalist;72;117;1946.97477381331;6.63530800350995;1951.99997678523;10.1424109999517;1923.00008774637;5.76079241496256;1957.53021907461;21.3240189814548;3.31687192138942;0.141608620415137;3.37657003957391;0.0944024302580158;NA;NA;NA;NA
93;Ceratopsyche newae;Animalia;Arthropoda;cold;34;67;NA;NA;NA;NA;NA;NA;NA;NA;4.85856899527383;41.1649006009091;4.94427187841467;0.239212872971758;NA;NA;NA;NA
94;Cherleria biflora;Plantae;Tracheophyta;cold;28;104;1965.50310295346;3.28548275610656;1968.90784324094;3.64536210451158;1972.98764448403;2.68637258322653;1978.00087415794;3.26684467346994;4.24896741387278;0.140922221462351;4.45006210709203;0.153966795718941;NA;NA;NA;NA
95;Cicerbita alpina;Plantae;Tracheophyta;semicold;32;51;1958.36085177366;2.78664839090971;2004.03449380359;3.12239303272238;1987.74469910618;3.21609645983787;1994.17722548103;3.4981168198067;4.12253394316718;0.124557773161639;4.30902787858041;0.0832125395375645;3.52796352615489;0.197806680690966;5.25308111522002;0.317945978603459
96;Circaea alpina;Plantae;Tracheophyta;generalist;24;64;NA;NA;NA;NA;1957.02488315821;8.04450580465071;1977.44699303962;6.12329267834208;NA;NA;NA;NA;NA;NA;NA;NA
97;Cirsium heterophyllum;Plantae;Tracheophyta;generalist;22;108;NA;NA;NA;NA;1976.26586407551;13.3524628946966;1989.73286659559;37.1229530631887;4.93669549928387;0.0898998761537951;5.18194370399785;0.620042895417896;NA;NA;NA;NA
98;Clinopodium acinos;Plantae;Tracheophyta;generalist;78;120;1936.96875598714;3.52733687847063;1941.60607711933;9.50157017125101;1931.14524709128;15.860927868656;1937.96836992271;12.8562630665603;3.65911006352433;0.74875702527636;4.52031696770549;0.501848997013818;4.9522810330276;0.544271373492785;5.97975646654411;0.649314921385917
99;Clinopodium vulgare;Plantae;Tracheophyta;generalist;25;59;1973.30756268945;4.09318483034826;1978.99890911582;5.23665003559942;NA;NA;NA;NA;4.68121863294038;0.59306636874237;5.40297806958984;1.09552612956573;NA;NA;NA;NA
100;Coenagrion hastulatum;Animalia;Arthropoda;generalist;22;51;1974.27078287147;3.68066814881238;1998.44964434005;9.1467704568274;NA;NA;NA;NA;4.78311809595695;2.67256963481899;5.21478109259853;4.2333799004388;NA;NA;NA;NA
101;Colobanthus subulatus;Plantae;Tracheophyta;warm;20;104;1923.20302606758;3.55527744076271;1985.00171305469;10.7381917218592;1923.17729150347;4.48511295885138;1979.19141061188;26.2274174676938;NA;NA;NA;NA;3.92328875858023;1.27271935855297;4.43288580040125;1.19893680683127
102;Comarum palustre;Plantae;Tracheophyta;generalist;29;104;NA;NA;NA;NA;1979.99746191911;6.68695836767317;1986.00126475531;4.895123356357;3.3744883333548;0.0582975351017528;3.49446579763866;0.0701419006520437;4.87039730023976;0.0913190645560935;5.04093636280243;0.118704804288296
103;Convallaria majalis;Plantae;Tracheophyta;generalist;37;71;1974.57716792159;3.40119672978789;1978.99965934364;4.12030641353975;1981.0003799258;9.60112980750874;2004.09351065571;4.12049028258419;5.29119987286061;0.0674562083644706;5.43644291368173;0.0730774783987662;NA;NA;NA;NA
104;Corallorhiza trifida;Plantae;Tracheophyta;semicold;30;64;NA;NA;NA;NA;1954.13212466088;2.5591757497583;1957.43568055017;4.37730366698473;NA;NA;NA;NA;3.06766008184098;0.213341758757763;3.34430000561936;0.383939315128281
105;Cornus suecica;Plantae;Tracheophyta;generalist;76;117;1967.57536495277;1.49790521168976;1969.84465909255;1.97598736413973;1997.54229337976;1.03459088522646;1999.3219048786;1.78961418243163;4.63629073596614;0.708786026030421;5.83437936965161;0.925306990055934;5.38215937791314;0.148860606930428;5.65589790524004;0.22921546179497
106;Corylus avellana;Plantae;Tracheophyta;generalist;36;58;NA;NA;NA;NA;NA;NA;NA;NA;5.3507085205588;0.0255330626403718;5.39207095498215;0.0316346356713017;NA;NA;NA;NA
107;Cystopteris fragilis;Plantae;Tracheophyta;generalist;44;57;NA;NA;NA;NA;NA;NA;NA;NA;5.13918539902561;0.229053367775858;5.59411265115744;0.0966043391329313;NA;NA;NA;NA
108;Dactylis glomerata;Plantae;Tracheophyta;generalist;28;70;1973.74146306454;1.86914000623358;1977.00005022894;2.12463513705483;1977.9999268406;6.68796590538109;2001.69475525098;3.31458688194777;4.92733404639776;0.0624885708181477;4.9800403680489;0.0847937755916021;3.18224571358145;0.140055392439888;3.44932190296459;0.0955421038241782
109;Dactylorhiza incarnata;Plantae;Tracheophyta;generalist;61;82;1963.99957658698;4.25793126150726;1980.53394163895;3.99681160828081;1972.69720948498;5.20082467059508;1997.02755391732;7.11120388359515;4.24833105159735;0.257353573719077;4.52160386424616;0.214458580720384;NA;NA;NA;NA
110;Dactylorhiza maculata;Plantae;Tracheophyta;generalist;59;94;1965.64117823306;2.66057700730384;1971.9987759242;2.76342618708657;1986.31318906441;10.0074196827772;2001.76366359475;3.5187264849219;NA;NA;NA;NA;4.1961167070772;0.70051785695212;5.51731059632215;0.253725718655416
111;Daphne mezereum;Plantae;Tracheophyta;generalist;26;66;1997.56945075426;4.50663890301256;2002.83361564747;2.2152755231679;1978.3245519495;1.89362956570401;1980.75593805847;1.83649496862903;3.50462010344497;0.922742560336455;3.69792175812741;1.41360997347262;3.04291062257375;0.019901959324524;5.12082669923945;0.153184852876906
112;Deschampsia cespitosa;Plantae;Tracheophyta;generalist;39;66;NA;NA;NA;NA;1989.29215309582;3.46923056855957;2000.56885402044;2.7895067327072;NA;NA;NA;NA;3.12087896282764;0.162618627575041;3.67649217813635;0.302628704314253
113;Diapensia lapponica;Plantae;Tracheophyta;semicold;25;50;1981.01480509696;15.7073904368184;2000.41498626758;3.86181114462859;1973.53176465146;3.67286482454261;1981.00022649316;4.09862032637099;4.24421654955096;0.0893273410476499;4.33322647424337;0.149531754765863;4.2158846763281;0.0861450246158789;4.29753091387951;0.0713047618033857
114;Dicranum scoparium;Plantae;Bryophyta;generalist;20;91;1949.801174622;4.20077373896452;1980.00084959362;3.20902080952846;1966.76279734434;5.98193694010124;1976.66857989228;3.77939377612121;NA;NA;NA;NA;3.65312424787125;0.453694584510277;4.34038547485285;0.546423447752361
115;Diura nanseni;Animalia;Arthropoda;cold;47;49;NA;NA;NA;NA;1980.74429582824;2.08975094504106;2016.10835886347;3.44312320008339;NA;NA;NA;NA;NA;NA;NA;NA
116;Draba incana;Plantae;Tracheophyta;semicold;28;59;1958.23373345882;8.78715947870659;1973.00129462727;12.1365772726221;1969.00700925862;4.61018227241316;1980.6251499802;5.89903853350576;4.6992206005595;0.489942243966977;4.97253849903102;0.148012696940134;3.06766585604836;0.176406618721112;3.52654352358594;0.215894652878331
117;Dryas octopetala;Plantae;Tracheophyta;semicold;32;68;1968.82264075708;19.1625131195311;2004.00794759328;8.71899023540345;NA;NA;NA;NA;3.02610845264093;0.301734714073145;4.97206664482389;0.613000293263885;3.35791683229489;0.0837033235797152;3.44843971234582;0.137825426689159
118;Dryopteris expansa;Plantae;Tracheophyta;generalist;38;104;1995.52063790376;6.16340457905118;2000.88709065617;1.69189801144863;1983.95998508332;12.8978548483292;1995.00000864729;4.05039142200126;NA;NA;NA;NA;3.14401850862316;0.420028028413924;3.51327810163976;0.333998984505181
119;Dryopteris filix-mas;Plantae;Tracheophyta;generalist;39;65;1974.99999325471;2.45845949042554;1977.16880156739;1.25234724186981;1997.4716377399;1.58373189850489;1999.28981239257;1.07311041054426;NA;NA;NA;NA;NA;NA;NA;NA
120;Eleocharis quinqueflora;Plantae;Tracheophyta;generalist;34;68;NA;NA;NA;NA;1969.86289624768;3.40549153757458;1997.56715582228;1.52000883754237;4.03185028645075;0.901567937422875;5.10787295537714;0.347950877232207;4.61286712739415;0.632874079766272;5.16787664454491;0.248013113261817
121;Elymus caninus;Plantae;Tracheophyta;generalist;35;70;NA;NA;NA;NA;1976.46124597383;2.35509670044929;1980.86526136065;2.38039296564886;NA;NA;NA;NA;NA;NA;NA;NA
122;Elymus macrourus;Plantae;Tracheophyta;cold;31;78;1979.98148982446;11.3002375256005;2003.36932405824;39.6133587113382;1951.00022423453;11.5794434168825;2002.0208571353;191.942500017452;4.11814112347828;0.0907904523894558;4.28453041782813;0.0603791877557564;4.12987727707295;0.0905542816100154;4.29561188418918;0.0629161900269621
123;Elymus repens;Plantae;Tracheophyta;generalist;26;76;1980.02185862634;9.2713601925583;1989.89213653973;6.87467072291083;NA;NA;NA;NA;NA;NA;NA;NA;NA;NA;NA;NA
124;Empetrum nigrum;Plantae;Tracheophyta;generalist;38;120;1981.99931433898;4.84622953021187;1994.73066453195;7.10397780678773;1987.99931356633;3.99668950141419;1999.60416109324;2.52771023026154;3.55763498347128;0.35699201935215;3.87485075083267;1.55173306784721;NA;NA;NA;NA
125;Enallagma cyathigerum;Animalia;Arthropoda;generalist;22;70;NA;NA;NA;NA;1951.26641653561;1.78958016183468;2012.999599907;3.79786225707524;5.31702799940481;0.0308965789014907;5.37357068094853;0.0404865023821688;5.33812431587578;0.0503383211072982;5.38027861931717;0.0318692800708842
126;Epilobium anagallidifolium;Plantae;Tracheophyta;cold;26;63;NA;NA;NA;NA;1962.00109299446;19.2117058221457;1977.98439819152;6.23312462214318;3.16974264151772;0.19544386142087;5.40704188016361;2.62251317640355;NA;NA;NA;NA
127;Epilobium collinum;Plantae;Tracheophyta;generalist;24;62;1958.00004651537;4.02563935166535;1977.99983842162;6.14026814840955;1971.99846064867;6.86101304085115;1995.08262568817;4.01691839275956;4.04265234184139;0.173949549307158;4.52161310660649;0.19098895544782;NA;NA;NA;NA
128;Epilobium hornemannii;Plantae;Tracheophyta;semicold;30;62;NA;NA;NA;NA;1977.99999644212;3.4985245245725;1999.81589696357;0.890127598622966;3.26510631551865;0.0777545543775411;3.357842730075;0.0786480355672073;3.04115922496392;0.20622072873688;5.61717694586561;0.0519769115107516
129;Epilobium montanum;Plantae;Tracheophyta;generalist;39;86;1985.40920061171;0.910440546779954;1987.27038572234;1.9993272912316;1959.7111698264;9.836618500272;1977.99990446081;5.96070230559516;NA;NA;NA;NA;4.85373744060162;0.127071358825244;4.98003296379465;0.11854037917064
130;Epilobium palustre;Plantae;Tracheophyta;generalist;30;65;1958.93354439778;4.19183596262696;1996.89384307445;3.46416176421409;1960.47906627362;14.7401512391607;1997.75931723281;4.52501149842077;4.28083927584696;0.127620724770693;4.58111937154513;0.14794015599125;NA;NA;NA;NA
131;Equisetum arvense;Plantae;Tracheophyta;generalist;33;67;1982.25491856901;1.93637000437759;1989.28220229031;2.06849180403111;NA;NA;NA;NA;3.30565273176444;1.64554075479289;4.39829623390647;0.424868256761268;3.89969097734645;0.550009774113166;4.3325956639992;0.254102433249451
132;Equisetum palustre;Plantae;Tracheophyta;semicold;31;66;1970.01442768683;13.1317823830877;1988.9915799529;12.3438602127186;1953.00618872528;9.9767434621585;2002.65048199003;2.14451586575933;4.40380147074461;0.498482850028924;4.56298546766266;0.308447246950767;3.06766650998698;0.236834474503607;5.30387788993797;0.236376655210838
133;Equisetum pratense;Plantae;Tracheophyta;generalist;24;66;1978.95933365034;8.35479429864918;1999.00005711239;2.54557495987676;1986.99791773146;11.0019198805146;2001.60421111043;3.97802768301288;3.44041459223876;0.165198761433028;4.82913857244267;0.439774738216439;4.37045428710346;0.264761120395212;4.98004524135874;0.289409976087277
134;Equisetum variegatum;Plantae;Tracheophyta;cold;36;63;1960.87516172975;1.979254883767;1970.00000049071;2.0729840173057;NA;NA;NA;NA;4.29939232446818;0.406592973967679;4.38357441567193;0.172802682064247;4.25799224486762;0.0913273210133708;4.36722615546356;0.217790419638295
135;Erica tetralix;Plantae;Tracheophyta;generalist;30;55;NA;NA;NA;NA;1977.67637006645;4.82236451881366;1983.00044468108;3.78092856641844;4.61738145732639;1.87467296463878;4.92297258316295;0.190112092316156;NA;NA;NA;NA
136;Erigeron borealis;Plantae;Tracheophyta;semicold;33;80;NA;NA;NA;NA;1980.19370094716;8.36362444292333;1983.75642871426;5.68243405168841;4.90535749624587;0.201471788456763;4.98877754423825;0.116572891496318;3.65624973012833;0.646448885074824;4.97220724427488;1.30507622728343
137;Erigeron politus;Plantae;Tracheophyta;cold;42;116;1937.8898295547;10.0492444887194;1948.99875702464;5.57478402727157;1949.00049116714;7.42647233742179;1962.62667423385;9.75846609447566;2.81475014364498;12.0630905983021;5.05877567636628;0.998024485737412;5.12141982487957;0.502831441166789;5.5266075480888;0.474214465707721
138;Erigeron uniflorus;Plantae;Tracheophyta;cold;28;63;1964.53050351452;2.17039561088943;1968.81277119003;3.08673891043389;NA;NA;NA;NA;3.04979629756989;0.277206503469564;4.22665712622619;1.08058552410028;4.248983475373;0.22976652813039;4.51448593641733;0.244702468526778
139;Eriophorum angustifolium;Plantae;Tracheophyta;generalist;37;70;1979.99896522656;2.9707388290112;1994.58746632394;5.29247833813577;NA;NA;NA;NA;3.00236940134318;0.677868454960464;3.84316811635531;0.900067593941525;4.00565244890247;0.224812314636364;4.35057597972025;0.239219942834746
140;Eriophorum latifolium;Plantae;Tracheophyta;generalist;49;66;1976.00005952568;3.53766977244881;1979.23998064392;2.41050071427699;NA;NA;NA;NA;4.00479643590229;0.703983636206352;5.52002547414457;0.723481540197995;3.06766221181481;0.196125125761504;3.81596281857666;0.475435267118801
141;Eriophorum scheuchzeri;Plantae;Tracheophyta;cold;24;60;1952.11940432322;14.1359359688226;1982.05299536022;7.39574803750508;1973.37827162471;5.30387447399186;1981.00025765444;9.69673999254396;4.34303270807897;0.242265028699439;4.65974260317159;1.09794325980114;3.98896041905278;0.0345156686981732;4.02340880079841;0.0543559778973337
142;Eriophorum vaginatum;Plantae;Tracheophyta;generalist;30;104;NA;NA;NA;NA;NA;NA;NA;NA;3.9913705006667;1.23226839332843;4.44137003313905;0.582462275813849;NA;NA;NA;NA
143;Euphrasia frigida;Plantae;Tracheophyta;semicold;31;55;NA;NA;NA;NA;NA;NA;NA;NA;NA;NA;NA;NA;4.34928041719606;0.0267355642174764;4.37759331955459;0.0246355109979685
144;Euphrasia stricta;Plantae;Tracheophyta;generalist;28;98;1934.97703716486;25.442127785811;1999.9994459547;1.18507849173145;1961.38920701864;9.99432908858866;1977.99935903412;8.72297540119548;3.94634418007542;0.419955180958106;4.19597340875782;0.673064354318161;2.867606732199;0.146186178069015;3.59056488451272;0.130622167044413
145;Festuca ovina;Plantae;Tracheophyta;semicold;30;56;1971.01526256098;3.55584169024438;1992.01201028558;11.5687665185981;1969.99990234166;5.99429845843302;1999.40065137197;7.13847722340625;4.80177382707604;0.253901300833033;5.10885987651641;0.285678728557494;3.06765166567245;0.127730764111636;4.43216745893663;0.634306049902807
146;Festuca rubra;Plantae;Tracheophyta;generalist;46;70;NA;NA;NA;NA;1964.52197841233;7.71688865061364;1985.99988068352;3.53850602806811;4.35068403774274;0.252793835436691;4.86725618350828;0.533052726962291;NA;NA;NA;NA
147;Festuca vivipara;Plantae;Tracheophyta;generalist;41;56;NA;NA;NA;NA;1975.71359525064;9.47285296626379;1986.0004745894;3.78409199914027;3.60947522399544;1.03255033914315;4.48608514404521;1.584021293522;NA;NA;NA;NA
148;Galium boreale;Plantae;Tracheophyta;generalist;32;59;NA;NA;NA;NA;1978.00002605949;4.86376052320492;1996.93949300071;3.21471251917673;NA;NA;NA;NA;3.06768621316516;0.090253761394994;3.62815324964933;0.235149335028184
149;Galium odoratum;Plantae;Tracheophyta;generalist;33;66;NA;NA;NA;NA;NA;NA;NA;NA;5.3133314096958;0.222281959757653;5.5841680021297;0.186917915142303;3.95967144102174;0.373202540289927;5.65216641906926;0.0281942189064945
150;Galium palustre;Plantae;Tracheophyta;generalist;37;67;1979.06565384162;3.69223541624761;1992.00195355207;4.18552902282972;1999.67366208287;4.45691270298843;2003.26726589408;1.45376729310912;4.85536624721164;0.242828329341216;5.31949733038955;0.251450905011686;NA;NA;NA;NA
151;Gentianella campestris;Plantae;Tracheophyta;semicold;29;71;NA;NA;NA;NA;NA;NA;NA;NA;4.37644677653805;0.344600354881531;4.86720714260619;0.465246545479937;3.13077983751733;0.436549284753698;3.47441166125973;0.363689845206093
152;Geranium sylvaticum;Plantae;Tracheophyta;generalist;35;60;NA;NA;NA;NA;1987.99784844554;1.75941620877894;1993.27080133401;2.45994090518866;4.11333481919081;0.00970571771454035;4.11813773948056;0.00480818486334261;4.01346870093871;0.146639375863125;4.34760351275773;0.145884384002524
153;Geum rivale;Plantae;Tracheophyta;generalist;32;54;1983.73449947432;4.6632619950714;1991.00005364707;6.02313615365384;1984.89262891913;2.47918341878921;1993.00030976564;4.61532438251464;3.34299345034697;0.392852129765432;3.56513740626772;0.11650498372086;4.15673472897697;0.148277125869609;4.37597750858663;0.0963591894862766
154;Geum urbanum;Plantae;Tracheophyta;generalist;28;55;1967.00006873839;18.2190753728212;1997.10446849776;3.93190488381225;1955.49567621964;9.03528168818244;1987.59859921371;10.7318879359798;NA;NA;NA;NA;3.91193072902051;0.425373017012375;5.61502455562778;0.105648748251477
155;Gymnadenia conopsea;Plantae;Tracheophyta;semicold;31;68;NA;NA;NA;NA;1972.49147418943;4.62273794864055;2005.14733506301;17.0948537382437;4.78590197476075;0.105761867944546;4.97232583076511;0.130312124900386;NA;NA;NA;NA
156;Gyraulus acronicus;Animalia;Mollusca;semicold;33;92;1957.54462786166;7.96693074822278;1971.00009123669;2.13289466582609;1953.74060558022;33.7082772609825;2005.35561755139;8.61508275865169;NA;NA;NA;NA;NA;NA;NA;NA
157;Helobdella stagnalis;Animalia;Annelida;generalist;23;52;1970.00238946437;0.797908842566073;2002.99999377514;5.86191927090523;NA;NA;NA;NA;NA;NA;NA;NA;NA;NA;NA;NA
158;Hepatica nobilis;Plantae;Tracheophyta;generalist;23;74;NA;NA;NA;NA;1962.31898197509;5.11287463988264;1980.99979298388;2.98741879633145;4.00576548630731;0.359629412678673;4.48312251152926;0.136861473962091;3.58246553857838;0.103930092478533;4.5216108043348;0.145758875773319
159;Huperzia selago;Plantae;Tracheophyta;generalist;31;49;2003.99837585924;0.966280751462177;2006.1387914894;2.195220073825;1986.86282798194;2.46163753801595;1994.10361368343;2.11093118473551;4.93186473717355;0.0275113498113936;5.00026354467253;0.0381420977553646;5.05922079392942;2.80461773806134;5.71358062505543;0.110462905281982
160;Hydroporus palustris;Animalia;Arthropoda;generalist;23;49;1974.02531819357;2.13493740826211;2016.84894427882;3.45226962676817;1984.23564935441;14.2512813855355;2002.97271421406;2.05116512933874;NA;NA;NA;NA;4.65370526109753;0.758741707488238;5.22539995039387;0.724242314275933
161;Hypericum hirsutum;Plantae;Tracheophyta;generalist;26;70;1975.02458754098;6.75841043409611;1978.98513866268;4.0563050372889;1980.52722983565;1.62081983327896;1984.17483268099;4.70669512719139;3.99988055063717;0.451040243176366;4.33871758416541;0.373555746678781;NA;NA;NA;NA
162;Hypnum callichroum;Plantae;Bryophyta;generalist;22;111;NA;NA;NA;NA;1914.60727787167;6.59252737245623;2000.87497391822;144.879686498208;3.46617430764335;0.128429905663525;3.53520419437031;0.143520620714705;4.17810959471289;0.107146187095876;4.42124749272518;0.119384386137401
163;Hypnum hamulosum;Plantae;Bryophyta;semicold;27;117;1971.02293933394;6.20566461860367;1981.73967323729;5.51380190287851;NA;NA;NA;NA;3.90449552823032;0.671425612935152;4.41755252478641;0.631023397636171;3.11078404763474;0.485147583123638;4.29243980797208;1.20644134034828
164;Hypopitys monotropa;Plantae;Tracheophyta;generalist;24;115;NA;NA;NA;NA;2008.00000754995;3.344832033742;2011.41368176664;3.0543558794909;4.36254329029256;0.156781783709191;4.54970731798271;0.207752117184257;NA;NA;NA;NA
165;Ilybius fuliginosus;Animalia;Arthropoda;generalist;21;49;NA;NA;NA;NA;1987.01200065826;18.6793662163211;2002.9204984231;2.82857958823702;NA;NA;NA;NA;4.98043568911547;1.73684540264741;5.37946860884961;0.272200620318055
166;Juncus alpinoarticulatus;Plantae;Tracheophyta;generalist;43;58;1970.99941910732;5.85670676643433;2002.37791738945;1.17725579401044;1962.3786517932;11.5673463206238;1981.00007824972;4.93693475158375;4.1179836113001;0.536829161347908;4.61171715614353;0.441945616776721;4.18946667705522;1.04184462054145;4.26463512333499;0.36129676632365
167;Juncus articulatus;Plantae;Tracheophyta;generalist;37;58;1984.48873946177;2.17752578360309;1987.55970935226;2.46535454717523;1987.34762429007;3.66598368459958;1989.93994438454;4.71992187644239;4.15951131897256;0.39910486456101;4.66451057130681;0.341844576215199;NA;NA;NA;NA
168;Juncus bulbosus;Plantae;Tracheophyta;generalist;35;59;1986.00029128066;2.47331761976234;1992.41094353824;2.95623482509038;1958.80314287624;6.6730161035844;2004.25255832128;3.23584127961097;4.75448208991118;0.173581142659827;4.90536128986446;0.157911608570124;NA;NA;NA;NA
169;Juncus castaneus;Plantae;Tracheophyta;cold;32;60;NA;NA;NA;NA;NA;NA;NA;NA;3.3681832973157;0.18070472868775;3.55398381701424;0.253346028211904;NA;NA;NA;NA
170;Juncus effusus;Plantae;Tracheophyta;generalist;32;53;1969.07883939164;9.31648651262947;1988.00336261854;16.4831297922919;NA;NA;NA;NA;4.06790955049638;0.347603914234664;4.6128489697178;0.326928335091585;NA;NA;NA;NA
171;Juncus triglumis;Plantae;Tracheophyta;semicold;32;63;1971.00365107922;15.7158583169526;1998.00020032408;4.33710151192472;NA;NA;NA;NA;3.06765175619348;0.227444687531342;4.97183837269446;0.310994559742012;NA;NA;NA;NA
172;Kalmia procumbens;Plantae;Tracheophyta;semicold;31;49;NA;NA;NA;NA;1978.00009352624;4.59453972742773;1996.26405271026;6.70279175157574;3.84318375232027;0.522525855581631;4.35982959267676;0.222523910517751;3.05624728549769;0.194153187473153;3.68902309812845;0.41571711505915
173;Knautia arvensis;Plantae;Tracheophyta;generalist;22;56;NA;NA;NA;NA;1978.00007229202;2.86904904532532;1994.26923174084;2.63997209472307;4.20848595227072;0.414312105102474;4.65941282239364;0.260499613076351;3.02814978380908;0.020846714791108;3.46892786137955;0.161970538024555
174;Lathyrus pratensis;Plantae;Tracheophyta;generalist;25;59;1982.8140029882;4.96593266214256;1991.00562036815;5.98236483467639;1986.79601202282;2.80185134673085;1992.95998622406;5.40404962816559;NA;NA;NA;NA;NA;NA;NA;NA
175;Lathyrus vernus;Plantae;Tracheophyta;generalist;30;73;1973.37801157866;3.87036216266635;1975.24191686485;2.74031245014268;1980.99999523253;32.1950701255147;1995.21482730256;8.53703833503613;NA;NA;NA;NA;3.60894292705771;0.36284605445072;5.30165118324923;1.12268938433978
176;Lepidostoma hirtum;Animalia;Arthropoda;generalist;27;58;NA;NA;NA;NA;1987.76842918177;7.97928328331165;2004.00008435072;4.68995962846981;NA;NA;NA;NA;3.27732572647664;0.668016886293467;3.37665829840768;0.0547226326936918
177;Leptophlebia vespertina;Animalia;Arthropoda;generalist;25;53;NA;NA;NA;NA;1975.90378934465;72.7884064507031;2013.00953372264;3.48636047196935;NA;NA;NA;NA;NA;NA;NA;NA
178;Linum catharticum;Plantae;Tracheophyta;generalist;32;80;1968.23797589013;37.5174906132776;2010.16195301709;2.70949190566466;1976.61884999044;1.68054383255291;1979.17819323621;1.45352087815634;NA;NA;NA;NA;NA;NA;NA;NA
179;Lolium pratense;Plantae;Tracheophyta;generalist;71;117;1925.36313063901;42.1785578821617;1980.00145839425;8.88349766774277;NA;NA;NA;NA;3.60754585530123;0.550685036836266;4.63464834214565;0.654368807694476;NA;NA;NA;NA
180;Lotus corniculatus;Plantae;Tracheophyta;generalist;40;55;NA;NA;NA;NA;NA;NA;NA;NA;NA;NA;NA;NA;3.24422074212637;0.13193944585451;3.37796727395968;0.0370490797835127
181;Luzula arcuata;Plantae;Tracheophyta;cold;20;59;1969.00073429237;7.8532537872699;1996.34800726094;8.49191399767026;1971.27427026039;5.32485142225691;1998.35476377244;2.50662602436586;NA;NA;NA;NA;NA;NA;NA;NA
182;Luzula multiflora;Plantae;Tracheophyta;generalist;59;67;NA;NA;NA;NA;1989.76617949399;1.57139751780913;1992.9812372313;2.25227344394004;3.04690037363397;0.12431089708687;3.8414036969126;0.966522085849736;4.3931641830512;0.122066752648732;4.61278077246139;0.145091212137504
183;Luzula pilosa;Plantae;Tracheophyta;generalist;32;55;1981.26754280177;2.94988428489782;2001.18786470465;4.50137560117624;NA;NA;NA;NA;3.39537737660745;0.0656877969827648;3.45790382685199;0.113950230861072;3.00117255550863;0.651222261953841;4.37607074649021;0.359510580914466
184;Luzula spicata;Plantae;Tracheophyta;cold;36;70;1976.93247366592;2.16514355586523;1990.64106944599;4.09948032806747;1985.31191503583;12.5714920247687;1992.47453371888;4.98630608816041;4.21529582075264;0.155274846018792;4.35061634653644;0.248076201857088;4.22371996829777;0.156479397071579;4.32468403212736;0.135115813047895
185;Luzula sudetica;Plantae;Tracheophyta;semicold;43;66;NA;NA;NA;NA;NA;NA;NA;NA;3.06754597188201;0.30227140945883;4.00273670207542;1.0751323268843;NA;NA;NA;NA
186;Luzula sylvatica;Plantae;Tracheophyta;generalist;21;55;NA;NA;NA;NA;NA;NA;NA;NA;3.74466737868388;0.817474233700732;4.16653331413076;0.507519203117298;NA;NA;NA;NA
187;Lycopodium lagopus;Plantae;Tracheophyta;cold;25;99;NA;NA;NA;NA;1920.64435272162;2.36866840067125;1996.7475368644;6.09771546465497;4.56030165759758;0.883845257404465;6.19148606667816;0.758560659185085;NA;NA;NA;NA
188;Matricaria discoidea;Plantae;Tracheophyta;generalist;68;112;NA;NA;NA;NA;1965.63541894119;24.5296360058788;1997.05173660699;39.6814773487968;5.17160596410467;0.329602001448454;5.83466775162949;0.949082826670236;5.60436285319769;0.0599312931513331;5.83466194282887;0.119594201748304
189;Matteuccia struthiopteris;Plantae;Tracheophyta;generalist;21;49;NA;NA;NA;NA;1974.55617536961;3.85534316962097;1981.00008439259;3.45363079208571;NA;NA;NA;NA;NA;NA;NA;NA
190;Melampyrum pratense;Plantae;Tracheophyta;generalist;30;55;1980.33014641893;3.17454896181722;1990.66842815869;6.84340527435401;NA;NA;NA;NA;4.37587193553416;0.603716362360671;5.05151455605723;0.87694502205204;4.73897814312201;1.36677115763195;4.94370284185172;0.514871632204269
191;Melica nutans;Plantae;Tracheophyta;generalist;32;55;1966.00010191031;8.6739790069369;1979.00262605081;4.72696985138302;1974.97202746706;2.55404538768337;1977.89778556346;3.41351227264719;NA;NA;NA;NA;NA;NA;NA;NA
192;Micranthes stellaris;Plantae;Tracheophyta;semicold;35;67;NA;NA;NA;NA;NA;NA;NA;NA;4.32857550533817;0.141799505388785;4.39475359328412;0.125599583425753;2.9908406344569;0.40971848488011;4.95387386270837;0.907381570959773
193;Milium effusum;Plantae;Tracheophyta;generalist;25;54;NA;NA;NA;NA;NA;NA;NA;NA;3.99322890124016;0.64968013147442;4.51479767139413;0.459574753121672;NA;NA;NA;NA
194;Moehringia trinervia;Plantae;Tracheophyta;generalist;23;54;1972.94388413312;2.05536150411562;1983.00002688963;8.46182993972422;1975.69392291377;2.18719226464849;1983.00004510705;6.80040338184319;3.13159861315581;0.259725839414214;4.94829185806605;0.603818199958643;4.17444251329932;0.0703399837202965;4.37601008836474;0.0455414795473693
195;Molinia caerulea;Plantae;Tracheophyta;generalist;33;104;NA;NA;NA;NA;NA;NA;NA;NA;4.90538193607081;0.160675020858599;4.99222320937259;0.111990050715169;NA;NA;NA;NA
196;Myosotis arvensis;Plantae;Tracheophyta;generalist;36;70;NA;NA;NA;NA;NA;NA;NA;NA;4.34989719450491;0.518362600278447;4.94529171935572;0.481209039114173;3.19690929776401;0.127404404152768;5.51508918434759;0.227966942519438
197;Myrica gale;Plantae;Tracheophyta;generalist;20;50;NA;NA;NA;NA;1977.87287966102;0.75805626172531;1979.04883811149;0.67645661355425;4.65425880631188;0.72638983753779;5.0160630450129;0.556575577245964;4.3943231612723;1.18653659582922;5.2828718728407;0.589878866096234
198;Myriophyllum alterniflorum;Plantae;Tracheophyta;generalist;21;58;NA;NA;NA;NA;1998.29617277135;7.09125339246087;2004.55715242679;6.39458779099458;4.16690314998636;0.911640540129711;5.43900297919621;0.812298230850093;NA;NA;NA;NA
199;Nardus stricta;Plantae;Tracheophyta;generalist;34;105;NA;NA;NA;NA;1974.64295325188;12.4082845593172;1984.97112278465;5.1259131707902;NA;NA;NA;NA;NA;NA;NA;NA
200;Narthecium ossifragum;Plantae;Tracheophyta;generalist;45;71;1984.64790704139;4.94132761008868;1991.12786786939;5.0683949286851;2002.13509354036;3.47321322880116;2006.58798846234;4.36563190905845;NA;NA;NA;NA;NA;NA;NA;NA
201;Nemoura cinerea;Animalia;Arthropoda;semicold;32;69;NA;NA;NA;NA;NA;NA;NA;NA;3.64262113466777;0.372680899602025;4.21621282586143;0.36481033151708;3.14521955577921;0.112552787384079;3.42018080684751;0.137659480199179
202;Neottia cordata;Plantae;Tracheophyta;semicold;27;86;1952.73210888851;48.1396278755996;1999.00003236267;8.74476605668447;NA;NA;NA;NA;4.23878597864699;0.139602639157649;4.55833415381203;0.132293867275263;4.06029044856199;0.459353512602515;4.53692335526073;0.363679822855702
203;Neottia ovata;Plantae;Tracheophyta;generalist;35;68;1975.99721124362;2.05610683630053;1981.34879801863;1.82802005397214;NA;NA;NA;NA;2.99964431545127;0.283224016342207;5.5620978737271;2.39322590286996;3.40969688208233;0.392076409753615;4.97948781509079;2.06449513292309
204;Nigrobaetis niger;Animalia;Arthropoda;semicold;34;57;NA;NA;NA;NA;1988.18273955836;4.60905210419061;2001.64695542649;5.80986602369136;4.92474603857068;0.190043897541691;5.24058891827195;1.37595868975062;3.97896322146105;0.542420996197807;4.52028472302962;1.13012470466255
205;Omalotheca norvegica;Plantae;Tracheophyta;semicold;36;60;NA;NA;NA;NA;1975.89387514863;1.4177800658768;1977.61057153845;1.85478397182806;4.93378705494775;0.0878985590999303;5.15234552745987;0.168035863447262;NA;NA;NA;NA
206;Omalotheca supina;Plantae;Tracheophyta;semicold;26;60;1966.54823656173;1.14086257371712;1968.24172259405;0.802618066354538;1981.00253129222;5.42578290665719;1998.26839537908;4.01371583068657;4.1885290706622;0.117828655589207;4.4521032724417;0.0877877000714153;3.07871962488465;0.0315029756399073;3.59739819331493;0.34174304078637
207;Omalotheca sylvatica;Plantae;Tracheophyta;generalist;24;57;NA;NA;NA;NA;1966.00023764352;6.82490035788052;1992.05803626152;15.558218468974;4.12069951754591;0.299023633057754;4.90532792091927;0.183684849416184;3.15015084895453;0.0767913249620318;5.20756117853626;0.233039376290798
208;Oreopteris limbosperma;Plantae;Tracheophyta;generalist;33;65;NA;NA;NA;NA;1966.55953896993;10.1953823223582;1984.43709049904;7.12750700875628;NA;NA;NA;NA;NA;NA;NA;NA
209;Orthilia secunda;Plantae;Tracheophyta;generalist;31;56;1982.46513307099;5.8145295837854;2004.00005835437;1.55556253162108;NA;NA;NA;NA;NA;NA;NA;NA;4.48861003323679;0.383874531454154;5.7031133093822;0.123416276074078
210;Orthotrichum obtusifolium;Plantae;Bryophyta;generalist;21;113;1913.97918375809;29.1286112904205;1990.46181045663;37.5904018819892;NA;NA;NA;NA;NA;NA;NA;NA;NA;NA;NA;NA
211;Orthotrichum rupestre;Plantae;Bryophyta;generalist;22;112;1907.99866935229;3.21352786217316;1964.85848844444;31.5191607263943;NA;NA;NA;NA;1.93441361988969;0.271334199299462;5.76515064074002;0.256920548697244;4.20932258765241;0.113905643391129;4.35066925038051;0.0894348026188378
212;Orthotrichum speciosum;Plantae;Bryophyta;generalist;39;115;1958.11834591625;10.9989638679096;1970.18273159705;6.7829531715776;1918.03428451157;10.526005704256;2014.97334271819;11.8108658151418;2.05849843078236;0.249534098872451;6.2573254109173;1.56164283173742;NA;NA;NA;NA
213;Paris quadrifolia;Plantae;Tracheophyta;generalist;33;50;1960.13800883961;13.8990104026526;1969.99493080972;5.16816771184348;1975.60474106636;2.66060243005353;1977.99909225869;1.95374684401107;3.15716276200866;0.316613029711158;3.35955748763476;0.110198887850674;3.41169619689059;0.168416839674988;3.89677615846972;0.692455640268157
214;Parnassia palustris;Plantae;Tracheophyta;semicold;31;60;NA;NA;NA;NA;1959.43580971894;5.62016508958981;1969.00166674883;5.00755708900963;NA;NA;NA;NA;NA;NA;NA;NA
215;Parus montanus;Animalia;Chordata;generalist;22;58;1976.91908563611;7.22544488121767;1995.00299078935;6.11528043995634;1953.03755378923;0.662304682825489;1991.67261723534;4.15196059340689;NA;NA;NA;NA;NA;NA;NA;NA
216;Pedicularis oederi;Plantae;Tracheophyta;cold;35;56;1977.05766658319;4.26500279864097;1996.57876325571;2.17127552814056;1954.65692140905;3.79132495704151;2000.99990430322;5.31170611482963;4.52529626313226;0.587352374189628;5.61211855065997;0.098298540172438;5.34700986710131;0.0365355130886289;5.48508153658238;0.0796975102739782
217;Pedicularis palustris;Plantae;Tracheophyta;generalist;33;52;NA;NA;NA;NA;1974.99926965477;3.14621505796528;1982.99999131961;2.60049772032433;4.37288338882027;0.532231843246922;4.98048176390517;0.848772489924649;4.29200410571332;0.0535202053689159;4.37600124044267;0.0701815863947921
218;Peregriana peregra;Animalia;Mollusca;generalist;20;78;1968.07914004871;1.27343619746105;1973.83707583239;4.8993698148402;NA;NA;NA;NA;NA;NA;NA;NA;3.23616927252776;0.172730344194196;3.49906164557239;0.0605248891521452
219;Phalaris arundinacea;Plantae;Tracheophyta;generalist;31;52;NA;NA;NA;NA;NA;NA;NA;NA;3.0084617432656;0.146853937229997;4.42805612185067;0.502435631930161;NA;NA;NA;NA
220;Phleum alpinum;Plantae;Tracheophyta;semicold;31;54;NA;NA;NA;NA;1981.0001344987;6.15724303627997;1994.87969897125;6.34261067265349;4.23398909268823;0.117642226195041;4.37863961759005;0.0932983842248693;3.18195652219635;0.235924881837327;3.37286832688702;0.0801788852609458
221;Phyllodoce caerulea;Plantae;Tracheophyta;cold;26;105;1989.05283380157;3.97309880018845;1993.5165769795;4.5646805755754;1985.88348818018;9.04728904212419;1993.63794737583;7.53125027365993;4.05206467236229;0.847108952267751;4.50413788966399;0.475799679037386;3.13704609063378;0.397397768035304;3.59067477036446;0.394260242889609
222;Pilosella floribunda;Plantae;Tracheophyta;generalist;24;101;NA;NA;NA;NA;1940.9754665996;19.1817458387936;2002.05474613379;3.29610221860271;2.36547663582182;0.747515975849414;4.09998285959307;0.50428474266955;NA;NA;NA;NA
223;Pimpinella saxifraga;Plantae;Tracheophyta;generalist;29;70;1985.6667808833;2.05354589600903;1990.32703148488;4.5820169925998;NA;NA;NA;NA;4.07190803199216;7.28082205809951;4.28946134735704;1.8399324876149;4.05390122915218;5.88465068121621;4.28281065212736;1.31748250109563
224;Pinguicula vulgaris;Plantae;Tracheophyta;generalist;29;104;1983.25568315607;7.32531906753568;1992.72116265215;18.1736018080557;1988.00029232394;2.94853790333218;1992.69971633548;3.09727690220528;4.90536380055559;0.152169625341806;5.03179497922548;0.216497080324204;3.06916485125301;3.3953735934225;3.46352573170137;4.10634158489473
225;Plagiobryum zierii;Plantae;Bryophyta;semicold;37;118;1919.45955855015;29.1329429672187;1967.09458476128;66.8850482138774;1923.16508811388;50.852385179552;1968.27972860698;95.7412198201276;5.49919943240215;0.173502145347915;5.67929025177823;0.115177998406336;5.4015582776099;0.194615096862112;5.65587974530861;0.176937517342839
226;Plantago lanceolata;Plantae;Tracheophyta;generalist;33;84;NA;NA;NA;NA;1950.46371693341;10.6933254493;1988.56267003713;18.7584552349383;4.82165968819693;0.297706335649306;5.30316934759956;0.244196748118888;NA;NA;NA;NA
227;Platanthera bifolia;Plantae;Tracheophyta;generalist;33;61;1964.4659982419;2.56427819018931;1969.99999750681;4.57777839616592;1977.86446980455;1.04158586006604;1980.10717258273;1.10876162236054;3.13870756819907;4.25092604863894;4.96334402272098;0.700909412557967;NA;NA;NA;NA
228;Poa alpina;Plantae;Tracheophyta;semicold;52;84;1978.99912881162;6.68130432359358;1994.69643000521;8.62727075988987;1988.79756053784;2.18155314452334;1996.29146186989;1.98842125262967;NA;NA;NA;NA;3.28597536688995;0.0871443728070911;3.48573529405491;0.0741131980077113
229;Poa annua;Plantae;Tracheophyta;generalist;34;61;1980.62779081973;2.2076232719753;1989.54196920912;2.92794104764825;1949.70600476459;3.96776458545799;1988.00002726392;3.53463933302005;NA;NA;NA;NA;NA;NA;NA;NA
230;Poa glauca;Plantae;Tracheophyta;semicold;41;91;1965.31386134127;3.76838155795825;1968.87503016051;3.77821623002515;1971.00126099631;5.5070774341968;1981.00012091395;5.1910422415828;3.29147068977285;0.444523752950168;4.80519326694214;0.458241524814607;2.97978556184584;0.130797245185234;3.58567523021567;0.422473135714737
231;Poa nemoralis;Plantae;Tracheophyta;generalist;39;66;NA;NA;NA;NA;1954.99947893125;11.2955958035646;1988.50537672213;6.70458672236564;4.08710567120166;0.181303016502024;4.52160952559711;0.181418478147324;3.17594950436858;0.108784220845059;3.5362775339602;0.132372783850015
232;Poa pratensis;Plantae;Tracheophyta;generalist;39;70;1986.00045613186;4.3448113970207;1989.50083544531;3.26546377670034;1970.31418184284;6.06829421330085;1983.00001018701;3.37892616124995;2.98504109502826;0.0501355572905503;4.66816772336702;0.895247302756352;4.93046317090415;0.0415496517279938;4.96448206676218;0.0390530367650974
233;Poa trivialis;Plantae;Tracheophyta;generalist;30;69;NA;NA;NA;NA;1956.86663759432;7.00991963986078;1993.00069172868;8.68080359926335;3.13471452698592;6.86991815982734;3.53737299701807;0.874141686353419;3.76308260364068;0.743797770660966;4.47979711872678;0.5787347599055
234;Polycentropus flavomaculatus;Animalia;Arthropoda;semicold;46;56;NA;NA;NA;NA;1990.99967675633;5.59666430105631;1998.71101388696;5.29090088210312;NA;NA;NA;NA;4.29280514714235;1.02501029331345;6.16830944271869;1.09422103245814
235;Polygala vulgaris;Plantae;Tracheophyta;generalist;20;74;1939.18453213396;2.23165313943796;1979.00000779736;25.4045649934654;1975.59340829401;7.98687860343345;1980.16085407583;4.75838510021493;4.2423722505187;0.164734590581164;4.80027301901985;0.177386557775219;NA;NA;NA;NA
236;Polygonatum verticillatum;Plantae;Tracheophyta;generalist;39;68;NA;NA;NA;NA;1966.61046495114;4.96540600785856;1981.00014915679;4.12686055396805;NA;NA;NA;NA;NA;NA;NA;NA
237;Polystichum lonchitis;Plantae;Tracheophyta;generalist;39;78;1953.24996490236;1.81622073723034;1957.12541042188;1.67041723197141;1951.90535071662;63.9502957121919;2002.00030728574;8.0163264729855;4.55972787334539;1.81667081565553;4.89883251148039;0.422154048520739;3.12709847893106;0.205143613525244;3.73563415551094;0.303203131025246
238;Potentilla crantzii;Plantae;Tracheophyta;semicold;48;80;1964.5100404002;2.84696467715956;1970.00162022372;4.19947050096911;NA;NA;NA;NA;4.22084385163662;0.20638623132594;4.3988497899145;0.18253948939842;3.13322787068371;0.128833511131304;3.5138082038413;0.116931347412653
239;Potentilla erecta;Plantae;Tracheophyta;generalist;34;104;NA;NA;NA;NA;NA;NA;NA;NA;NA;NA;NA;NA;3.08676274167012;0.491519548462798;5.25326659909376;0.423243169722942
240;Potentilla verna;Plantae;Tracheophyta;generalist;66;102;1936.20642491091;9.9687332584446;2000.00096903204;3.08302693202638;1947.77605673976;26.0482573466571;1979.44745581648;9.54875390872439;5.33714279339356;0.19274393857968;6.46213713528901;0.0521009142589513;4.84579168204621;0.301231856332307;6.09738207302455;0.189432574454825
241;Prunella vulgaris;Plantae;Tracheophyta;generalist;27;57;1983.67467468734;6.92163172990981;1986.97546627999;7.27477410226532;NA;NA;NA;NA;NA;NA;NA;NA;NA;NA;NA;NA
242;Pseudathyrium alpestre;Plantae;Tracheophyta;semicold;78;117;1939.88466140389;6.97567150927628;1970.3913366084;4.97206048248258;1951.4597850145;8.10148576165956;1968.99897692593;8.77865705271158;5.25296678692596;0.244630039152509;5.92668535043221;0.320754266533974;2.83334466019807;0.507128173507445;4.64080598079733;0.333925022331086
243;Pseudocalliergon trifarium;Plantae;Bryophyta;semicold;22;113;NA;NA;NA;NA;1919.89088487404;45.5615176329955;2010.32461673106;12.0516863318048;NA;NA;NA;NA;3.27317557366266;0.277150979564433;3.65741033824655;1.05780625761452
244;Pyrola minor;Plantae;Tracheophyta;semicold;45;105;NA;NA;NA;NA;NA;NA;NA;NA;4.70609847356133;0.599564452047268;5.2530859415259;0.322474421175156;4.2356127515799;0.0491463716219754;4.25034779568051;0.0192219414733161
245;Ranunculus auricomus;Plantae;Tracheophyta;generalist;26;56;1998.60099352954;2.58684056268235;2001.5008444607;1.38098117766591;NA;NA;NA;NA;NA;NA;NA;NA;3.29265577957112;0.315882340118992;4.52406933019405;1.25438975520366
246;Ranunculus platanifolius;Plantae;Tracheophyta;semicold;24;104;1975.22270267201;3.52919457157088;1977.99660939156;3.43511056518931;NA;NA;NA;NA;3.15693627252102;0.148580640128386;3.61594607206847;0.163708455605075;3.33643023847407;0.214004940422131;3.85396056890714;0.59743458282485
247;Ranunculus propinquus;Plantae;Tracheophyta;semicold;52;108;NA;NA;NA;NA;1910.01051108021;10.9907849029695;2010.11397917082;5.39417746730811;3.69758164390957;0.972158216346688;4.66481849704979;0.732704242505502;3.66048290327965;0.493461479549398;4.88667892112981;0.487537003409838
248;Ranunculus reptans;Plantae;Tracheophyta;generalist;27;93;NA;NA;NA;NA;1961.94122501944;10.8976317611335;2003.37272650635;18.7072726893671;NA;NA;NA;NA;2.88529830204243;0.254515624785926;4.95542695495058;0.279869650290065
249;Rhinanthus groenlandicus;Plantae;Tracheophyta;cold;46;109;NA;NA;NA;NA;NA;NA;NA;NA;3.93210651495965;0.297888262671049;4.3400427635843;0.270020994382147;3.99678126108649;0.224595799965315;4.34019400263675;0.264023339571351
250;Rhinanthus minor;Plantae;Tracheophyta;generalist;39;69;NA;NA;NA;NA;NA;NA;NA;NA;4.36934540278698;0.0447782227128761;4.43637591396345;0.0557483363079296;3.06757272123618;0.363200329290044;5.30748800854742;0.72081941533214
251;Rhodiola rosea;Plantae;Tracheophyta;semicold;33;61;NA;NA;NA;NA;NA;NA;NA;NA;4.3536547520362;0.156142205568696;4.52134981836031;0.828133285802151;4.09751892292922;0.199980849427598;4.35069334262249;0.21331671281078
252;Rhyacophila nubila;Animalia;Arthropoda;semicold;45;56;1998.64782983271;4.34048266579491;2005.99985665016;3.5673069401635;1982.72599944529;4.98500384778675;1998.48570791157;8.0667493214663;NA;NA;NA;NA;4.29284094570036;0.417777025608236;5.3425723276396;1.50161671346454
253;Rosa majalis;Plantae;Tracheophyta;generalist;21;58;NA;NA;NA;NA;NA;NA;NA;NA;5.08627596930963;0.366956583393373;5.65586006587354;0.313627696319433;3.47260425924234;0.169149218597161;5.04468821072541;0.301766402756147
254;Rumex acetosa;Plantae;Tracheophyta;generalist;36;104;1981.8261133346;3.76052073751676;1993.83884553682;5.74753663824361;1984.42141633858;6.65965808907808;1986.99945555342;6.04984033499786;3.99309096930744;0.809612840118287;4.35078986786854;0.530233500935773;4.16298208851981;0.578382267706736;4.35002169855757;0.436585023998141
255;Rumex lapponicus;Plantae;Tracheophyta;cold;22;90;1989.57669494188;39.0148788235118;2000.85336192565;3.75352815034495;NA;NA;NA;NA;5.29921586801256;0.0375515425433098;5.4684518924052;0.103267654852837;5.29332424538163;0.0691169590160915;5.64550461237259;0.205830686009535
256;Sagina procumbens;Plantae;Tracheophyta;generalist;30;54;1981.13034100881;3.01121661570127;1989.65337717417;2.77672529235417;NA;NA;NA;NA;3.6228342159937;0.866220535000064;5.27368376925302;0.562632003810642;3.15033611975233;0.138724318853317;3.4543353624241;0.0923912507613866
257;Sagina saginoides;Plantae;Tracheophyta;cold;22;60;NA;NA;NA;NA;1981.00044704422;8.80596958997213;2001.68108351916;1.4426675833459;NA;NA;NA;NA;3.45197092792528;0.175038446362183;5.44739861668636;0.502491729932358
258;Salix arbuscula;Plantae;Tracheophyta;cold;22;54;1967.04785033792;3.13331285932483;1973.8477579312;2.45564955755347;NA;NA;NA;NA;5.03332514431804;0.0527186512240711;5.08445396608188;0.0584546300702157;3.33661915603993;0.0981661808817517;5.25296143196101;0.229095043577934
259;Salix aurita;Plantae;Tracheophyta;generalist;34;65;NA;NA;NA;NA;NA;NA;NA;NA;NA;NA;NA;NA;4.3571265892213;0.238181361188995;4.80634880617668;0.476933310886437
260;Salix borealis;Plantae;Tracheophyta;cold;38;96;1957.11173042212;4.99940419746904;1960.00121094427;1.61528214866555;1949.04223110525;7.55175802099896;1955.74059858697;7.79480971817703;NA;NA;NA;NA;3.93174018612766;0.326506766757966;4.13262396805478;0.22161804985083
261;Salix caprea;Plantae;Tracheophyta;generalist;43;70;1965.9988433277;4.62965394350967;1978.9132266558;3.69224769735638;1951.63975990261;1.74247119802434;1956.26208034247;1.38570838641787;3.01411049103436;0.0778442399829398;4.24899662276203;0.55002690031912;3.17172587696119;0.133994286594658;3.46034484039106;0.159652618429496
262;Salix glauca;Plantae;Tracheophyta;semicold;37;74;NA;NA;NA;NA;1951.56235510374;15.7745994382618;1986.00052192697;4.86702032035558;3.04171289034323;0.113106020580909;3.35768413388891;0.465970649229804;3.92076731359198;0.787853522141651;4.40136423196809;0.543356301587282
263;Salix hastata;Plantae;Tracheophyta;semicold;39;78;1981.00551068148;6.49395221629214;1996.93305925845;6.95366421842978;1954.99866408692;10.8298463616503;2007.56191827108;11.0938134718495;NA;NA;NA;NA;NA;NA;NA;NA
264;Salix herbacea;Plantae;Tracheophyta;semicold;32;105;1958.40567358851;12.7922583609858;1968.35852303503;6.34906897283797;NA;NA;NA;NA;4.9287166805142;0.0379019687387658;4.98000004348438;0.0461908459294206;2.97950019695446;0.520521623169879;5.16844988657612;387.33423331883
265;Salix lanata;Plantae;Tracheophyta;cold;30;58;1965.72879435654;3.61024424743175;1969.25338505099;8.41563244930715;NA;NA;NA;NA;NA;NA;NA;NA;NA;NA;NA;NA
266;Salix lapponum;Plantae;Tracheophyta;semicold;44;59;1987.17625433386;3.48457796429638;1995.20773139312;2.96914487633623;NA;NA;NA;NA;4.15348216763413;0.220830732867053;4.35065645278088;0.139606680425737;4.22798060040835;0.0540354365224429;4.31062758366235;0.0672029639993267
267;Salix myrsinifolia;Plantae;Tracheophyta;semicold;50;94;1976.02054068525;6.81343941059767;1978.50788918316;4.30966542425607;NA;NA;NA;NA;5.61378537543768;0.100534563056004;5.75096135101776;0.316356446301113;2.98169946450039;0.00108091980290146;5.55293721614905;0.242427083722078
268;Salix myrsinites;Plantae;Tracheophyta;cold;29;66;1978.00049033077;5.96639524020766;2002.41945867178;1.10876751463772;1981.00128207878;7.67411523208069;2000.71868593367;2.57110025179931;4.83378915743747;0.976508260488658;4.90281889136882;0.512641824687273;NA;NA;NA;NA
269;Salix pentandra;Plantae;Tracheophyta;generalist;40;64;1956.6083999513;2.94981973746666;1969.99921176269;3.66807547699074;1969.80374368909;4.2049668792463;1982.99975175632;4.20834828592792;NA;NA;NA;NA;4.79659857514639;0.542782285603148;4.90997110607219;0.132591916774678
270;Salix phylicifolia;Plantae;Tracheophyta;semicold;39;67;NA;NA;NA;NA;NA;NA;NA;NA;3.95607734822777;0.385318864571816;4.3463193494433;0.265081467766767;3.12667620925549;0.0750395643140074;5.35887449961761;0.682486344275241
271;Salix reticulata;Plantae;Tracheophyta;cold;25;60;1971.00015850684;6.30148740056483;1993.82365951601;8.17617441259679;1970.6465568155;7.13423568714655;1978.00010586572;5.04428034780162;4.27995774345563;0.0588450195699296;4.42763112629493;0.0549104213212973;3.79056665113355;0.255323815274332;4.24138389990975;0.815120319853751
272;Saussurea alpina;Plantae;Tracheophyta;semicold;36;61;NA;NA;NA;NA;NA;NA;NA;NA;4.90598172092472;0.237602560188542;5.14398786847876;0.530130798137381;NA;NA;NA;NA
273;Saxifraga aizoides;Plantae;Tracheophyta;semicold;42;117;NA;NA;NA;NA;NA;NA;NA;NA;3.91493316598562;0.815370436338663;4.34274627132231;0.332122015605781;2.97973746665295;0.270799334961712;3.84558948417675;0.386676361400315
274;Saxifraga cotyledon;Plantae;Tracheophyta;generalist;33;55;NA;NA;NA;NA;1967.00875624067;7.55591320606554;1985.99836971583;5.95238274301728;4.06487842794801;0.209637157930521;4.54141533789639;0.282812272906269;3.06769152984648;0.315335256060543;3.53468420689855;0.305675386768789
275;Saxifraga oppositifolia;Plantae;Tracheophyta;semicold;40;118;NA;NA;NA;NA;1972.72805867437;2.66560361200878;1974.10866930335;2.27391170415336;NA;NA;NA;NA;3.06763987838058;0.605683409184591;5.14414244929758;1.5543547863803
276;Scheuchzeria palustris;Plantae;Tracheophyta;generalist;24;71;NA;NA;NA;NA;1974.38952947307;4.94555580213057;1980.99990073607;6.51990214264738;4.7820155765862;0.46012376681267;4.97108362643669;0.226505460987589;NA;NA;NA;NA
277;Scrophularia nodosa;Plantae;Tracheophyta;generalist;21;54;NA;NA;NA;NA;1978.05897908236;2.93049545745652;1981.71593162548;3.9932970221761;4.2216436706535;0.663812106769503;5.20066797078615;0.172013723049063;4.22141133679566;0.0575044110558656;4.38803258006008;0.0522236571283806
278;Sedum annuum;Plantae;Tracheophyta;generalist;23;54;NA;NA;NA;NA;1962.01393161004;46.0443395933866;1997.99853786456;3.65887405748178;4.1478432789315;0.415690635771316;4.75228749806015;0.337820876378938;3.06765335178762;0.247210033226086;4.521593433521;0.435956384933435
279;Selaginella selaginoides;Plantae;Tracheophyta;semicold;37;79;1987.5947512926;2.97078561181604;1989.9057923339;4.06297604786541;NA;NA;NA;NA;4.22814583786721;0.068558083530744;4.29272839577808;0.0893264286295318;3.09928773209861;0.207510892138424;5.51878376950028;0.552386778819375
280;Sibbaldia procumbens;Plantae;Tracheophyta;cold;22;60;1956.9995353452;7.67670857780401;1980.52535771214;7.74134776623981;1973.80554690227;1.59309685423207;1978.51500679786;1.55667017763096;4.1647290432691;0.216929121815618;4.64610501700589;0.205849566727296;3.22454771063677;0.217886210815469;3.83322530606636;0.565036771870268
281;Silene acaulis;Plantae;Tracheophyta;semicold;28;61;1962.00316918022;8.79689221518564;1981.24432048787;8.00891038637864;NA;NA;NA;NA;4.29288043612397;0.566422351865883;4.71150874182292;0.822500107021133;3.1335232083623;0.414377257795024;5.05834984574379;2.57999354707844
282;Silene suecica;Plantae;Tracheophyta;cold;72;119;NA;NA;NA;NA;1907.89255217043;3.54146365731762;1934.99592399057;13.7706541834714;2.79682913874273;0.169767314599646;2.99069879620644;0.116614239611601;2.01137649478554;0.232022215910623;3.0757702614037;0.337387525535378
283;Siphonoperla burmeisteri;Animalia;Arthropoda;semicold;40;69;NA;NA;NA;NA;1991.44664761973;3.83773993794661;1994.86583894999;5.52617856935461;3.02656124289194;0.0241633383547051;3.57395940124209;0.584393713269613;3.09891417115043;0.0308313496788482;3.84318849281302;0.394291638393219
284;Sparganium angustifolium;Plantae;Tracheophyta;generalist;24;62;1960.07076345561;4.96710849871228;1988.09769760805;43.6660283931453;NA;NA;NA;NA;4.13663629376074;0.294981408166249;4.48386377372595;0.19520374697571;4.95182538258115;0.0950385515802223;5.14250623948292;0.156387661292515
285;Spergularia marina;Plantae;Tracheophyta;generalist;56;113;1939.00153918971;27.1273063321822;2002.99720604808;3.45744667023235;NA;NA;NA;NA;3.3697279365883;0.0123148907478719;3.37725657191195;0.019318326407331;4.38311485086626;0.300478715924209;4.57882366938987;0.487222333791099
286;Sphagnum angustifolium;Plantae;Bryophyta;generalist;22;55;NA;NA;NA;NA;1981.00341889958;5.32249088569513;1990.90397203041;4.84399057693421;3.47181415522896;0.219390373685531;5.58045029216308;0.112662280221235;3.1864660073718;0.665748130622601;5.02861153026238;6.57617152897428
287;Sphagnum capillifolium;Plantae;Bryophyta;generalist;21;106;1935.48167253479;10.6967485548481;1994.99513015355;8.67333830308879;NA;NA;NA;NA;NA;NA;NA;NA;4.78924965745311;0.370012111029392;5.35917766726021;0.209837614600909
288;Sphagnum fallax;Plantae;Bryophyta;generalist;25;51;NA;NA;NA;NA;NA;NA;NA;NA;3.51045549624909;0.26118595514374;4.90535435050183;0.236734510681625;3.36371701122411;0.364820903662049;5.63056349649145;1.11950214729155
289;Sphagnum isoviitae;Plantae;Bryophyta;generalist;32;52;NA;NA;NA;NA;1974.21464935366;1.41898141248394;2014.9237064656;3.66282912211019;3.45887572932164;0.659575797816252;4.87743809207654;0.610449630774922;3.47210819186896;0.531297473629912;4.42927960525637;0.687499359964039
290;Sphagnum papillosum;Plantae;Bryophyta;generalist;35;106;NA;NA;NA;NA;NA;NA;NA;NA;4.06952737057748;0.264434304136966;4.61729060809983;0.41427456548291;NA;NA;NA;NA
291;Sphagnum rubellum;Plantae;Bryophyta;generalist;29;55;1988.42807968061;5.7114406958153;2000.99994567556;9.97888203975874;NA;NA;NA;NA;3.95646037585595;0.335310162224697;4.61286328867822;0.389949691671381;3.38182683742084;0.194541426501186;3.60746236173405;0.770180758301991
292;Sphagnum russowii;Plantae;Bryophyta;generalist;22;112;NA;NA;NA;NA;NA;NA;NA;NA;NA;NA;NA;NA;NA;NA;NA;NA
293;Sphagnum subnitens;Plantae;Bryophyta;generalist;24;55;NA;NA;NA;NA;NA;NA;NA;NA;3.4718322030015;0.202719539986747;5.55047603703796;0.202906044405546;3.00178219086029;0.293234303682937;5.2947951326743;0.355486152638396
294;Sphagnum tenellum;Plantae;Bryophyta;generalist;20;106;NA;NA;NA;NA;NA;NA;NA;NA;NA;NA;NA;NA;3.4717555505637;0.792153534298351;3.86325259639212;2.83809218076159
295;Stellaria graminea;Plantae;Tracheophyta;generalist;35;58;1981.88136578408;4.10782976186694;1994.98462150486;8.08798548942719;1979.99993559002;3.74183016131103;1986.62415339604;2.71868630505793;3.71867168406366;0.73958098508854;4.24392362374381;0.733703126415306;4.14247278342084;0.550930390025836;4.61272100663065;0.337332486157867
296;Stellaria nemorum;Plantae;Tracheophyta;generalist;29;65;1978.99775573031;6.02431643202346;2001.86701798427;2.88528150897946;NA;NA;NA;NA;4.20821606240494;0.190942817289999;4.44743581651763;0.144954184488008;4.85155957997073;0.158315700180458;4.97999160299882;0.124264274237932
297;Steromphala cineraria;Animalia;Mollusca;generalist;21;102;NA;NA;NA;NA;1968.53376240347;3.29037135179707;1987.20823071529;25.2314841063323;2.80609655408656;0.616819788144498;3.92727174819706;1.09829296021085;2.98516614684223;0.540072402515298;3.870644039908;0.520298311800312
298;Struthiopteris spicant;Plantae;Tracheophyta;generalist;44;70;NA;NA;NA;NA;NA;NA;NA;NA;5.45040461849824;0.58498530835695;5.70943852653189;0.0869454443656139;NA;NA;NA;NA
299;Succisa pratensis;Plantae;Tracheophyta;generalist;39;54;NA;NA;NA;NA;1986.55387863581;3.56461547069156;1997.00005496277;3.63490029545933;3.40265869884457;0.0340376535209423;3.43166616187497;0.0300833888215188;3.37681155588324;0.292616153452076;3.68053457745225;0.43230658910716
300;Thalictrum alpinum;Plantae;Tracheophyta;semicold;36;112;NA;NA;NA;NA;1986.00032169078;5.22902839763165;2001.80770834132;2.61057015840152;4.22392894341316;0.286496491898791;4.33746280296972;0.349624452323341;3.14747848750391;0.685781400200279;3.36671200619514;0.266282352304606
301;Thalictrum flavum;Plantae;Tracheophyta;generalist;22;60;1972.0315965705;2.21937367027539;1978.99967066525;2.45681066162884;1965.14963327004;4.52504214402431;1998.99972839431;8.79003591441089;NA;NA;NA;NA;3.10444296092862;0.0321833095243166;3.56562006360514;0.127032954371543
302;Tofieldia pusilla;Plantae;Tracheophyta;semicold;37;106;1989.76027144708;1.96658729509099;1993.02012062576;2.67694239388066;1981.00049403854;13.5827715533067;2001.74253282457;1.98149812508173;4.23311225578186;0.14672355594914;4.34758832081626;0.111828908882918;2.87881998051208;0.349470542273261;3.27965464082727;0.503465256892775
303;Tortella tortuosa;Plantae;Bryophyta;generalist;25;70;1970.00449213931;5.2461030550875;2008.64671798242;2.46982969175948;1971.00016293315;5.98401161011404;2000.99352619716;6.89444557782319;NA;NA;NA;NA;NA;NA;NA;NA
304;Trichophorum cespitosum;Plantae;Tracheophyta;generalist;36;104;1941.35746942169;14.2650966677532;1982.01198907073;5.63299844980772;1976.04412437163;17.9952570351451;1985.96640030681;8.89061874642158;4.51296336077783;0.18813095841265;4.62303056095098;0.129810638616607;3.13753834670217;0.974708601861219;3.9838318386056;4.24341471098555
305;Triglochin palustris;Plantae;Tracheophyta;generalist;30;55;NA;NA;NA;NA;1973.87446052958;4.77939649228895;1995.34665209688;3.4470891471323;4.94433608128706;0.071598929971759;5.12044559054938;0.10084973403862;3.65974087745129;1.64679254139832;4.49811585769849;0.478319094394441
306;Tripleurospermum subpolare;Plantae;Tracheophyta;semicold;22;71;NA;NA;NA;NA;NA;NA;NA;NA;NA;NA;NA;NA;NA;NA;NA;NA
307;Ulmus glabra;Plantae;Tracheophyta;generalist;36;60;1973.35906413244;2.92611186895035;1976.04416352427;3.69980841308303;1985.94792594282;3.29091428142058;1994.85720318636;4.89015985132684;NA;NA;NA;NA;3.95729704231449;0.209297106489963;4.34022690849612;0.242161160064113
308;Vaccinium microcarpum;Plantae;Tracheophyta;semicold;65;101;1967.0879362365;2.71769267367463;1970.00039314824;2.83339914090556;NA;NA;NA;NA;4.90641557508099;0.413641191301191;4.97057517879624;0.231739252156704;4.63506967126337;0.937889398218197;4.98461375540277;0.206192900212244
309;Vaccinium myrtillus;Plantae;Tracheophyta;generalist;31;104;1985.97593477521;2.78244721959997;1993.73148608129;3.84358906628519;NA;NA;NA;NA;4.0467507813733;0.470075590341756;4.35064788369498;0.330749172563984;3.16136505715537;0.588669089985778;3.84312329341161;1.16922243217086
310;Vaccinium oxycoccos;Plantae;Tracheophyta;generalist;58;116;NA;NA;NA;NA;1975.00440307872;4.26555981677269;1979.99985661477;3.79344461122474;4.88977651936391;0.367250696040088;5.20659865974841;0.675817676285552;2.65348860926914;0.000442679251285628;4.29277272960441;0.446896634043109
311;Vaccinium uliginosum;Plantae;Tracheophyta;generalist;31;104;1983.42141494193;4.29130981968219;1995.06181394863;5.2211117073247;1987.99934673155;2.67268824041277;1992.96266160547;2.8085736552563;4.11864514064747;0.243927414253161;4.34844043749628;0.219605713929052;3.20786652866747;0.389275463078257;3.84313744168214;0.770793109837839
312;Valeriana excelsa;Plantae;Tracheophyta;generalist;76;117;1939.08643817377;8.27848678768147;1978.93635312847;4.55380648404901;NA;NA;NA;NA;2.6954859131953;0.202608466872694;2.96836653470907;0.138830369488535;NA;NA;NA;NA
313;Veronica alpina;Plantae;Tracheophyta;cold;29;67;1956.6883667925;4.23686838101629;2002.39526064836;1.99073235838843;1978.00029163013;8.56221438286166;2001.70921697674;3.63351429931238;2.98248570493504;0.017498218413976;5.7249562229152;0.0544821817688598;3.40966546087909;0.476218867712294;5.37891490402592;0.532175120494202
314;Veronica fruticans;Plantae;Tracheophyta;semicold;20;63;NA;NA;NA;NA;1972.55707201384;3.88577784072145;1976.57947876831;8.94859613747341;3.11271456267043;0.134853684803049;4.94445142138509;3.12858008268287;3.06766210098791;0.143992084843165;4.32889750108734;1.02144329813563
315;Veronica serpyllifolia;Plantae;Tracheophyta;generalist;26;53;NA;NA;NA;NA;NA;NA;NA;NA;4.25194537964523;0.122030883374739;4.44999353913015;0.0974897988306369;4.11761739547797;0.653344446808933;4.87754088984688;0.805640429481225
316;Viburnum opulus;Plantae;Tracheophyta;generalist;21;58;1974.97822258845;1.76546328157031;1979.00000772476;1.85817526337043;1962.00015778715;10.7622076019019;1995.47711282862;6.6026230656041;3.49463558477551;0.271784492798854;5.37904094198707;0.0244267680346959;4.00406715389453;0.895811164236479;4.94395159852026;0.275270142300394
317;Vicia sepium;Plantae;Tracheophyta;generalist;33;51;1985.8878287236;0.649854156207437;1987.13981260421;0.676797140816127;NA;NA;NA;NA;NA;NA;NA;NA;NA;NA;NA;NA
318;Vicia sylvatica;Plantae;Tracheophyta;generalist;34;55;1974.37720727343;2.82248280830649;1979.00001678366;2.6849162347278;1950.60074091775;1.39612881038766;1982.99814516863;4.89026882238191;4.22081504091244;0.0691801152398404;4.37600350218526;0.0834037088768995;4.19022836615395;0.0667598466325563;4.35413283262458;0.0532321822797476
319;Viola biflora;Plantae;Tracheophyta;cold;34;106;1966.82060745028;1.1150277736781;1968.7324585806;1.37458464411684;1987.39784387045;3.23154201319378;1993.64706681675;2.58078385523581;4.21166117620381;0.127989984788337;4.34655150643832;0.198328928958195;NA;NA;NA;NA
320;Viola canina;Plantae;Tracheophyta;generalist;49;80;NA;NA;NA;NA;NA;NA;NA;NA;3.29263363614569;1.23723261845447;5.57441160135678;0.11241962132385;5.41125204363976;0.0102709115848338;5.45827077384304;0.024098877064834
321;Viola mirabilis;Plantae;Tracheophyta;generalist;28;70;NA;NA;NA;NA;1994.38961146956;12.1437931827638;2000.76349920748;1.81890191412231;3.00115184083534;0.276307573848278;5.25402474138549;24.8546300002368;4.83729611117139;0.18726032303108;5.49893810325042;0.0912489055626912
322;Viola palustris;Plantae;Tracheophyta;generalist;38;111;1982.00070677474;5.63279240934456;2001.30190827647;5.18188987109284;1987.99794480893;3.92477671725539;2001.1007374019;2.38052407878361;4.938682038792;0.103370374414497;5.06300521781506;0.348266302340253;NA;NA;NA;NA
323;Viola riviniana;Plantae;Tracheophyta;generalist;50;83;1976.11014868657;2.79845444088366;1978.49337797147;1.89075748438346;2002.61390990521;1.9611831978059;2006.91488346463;6.06948377500308;2.89453352396135;0.189058498177158;4.67161459363632;0.234924196118513;3.59034866673794;0.66864553944953;5.28847607404908;0.1860595079542
324;Woodsia alpina;Plantae;Tracheophyta;semicold;20;62;1953.8797936006;1.02913344219914;1955.25333259647;1.00602029486059;1960.02716127233;5.05944518736351;1966.64652303486;3.51219057490441;NA;NA;NA;NA;NA;NA;NA;NA
325;Woodsia ilvensis;Plantae;Tracheophyta;generalist;28;66;NA;NA;NA;NA;1960.32603794317;27.777007272647;2000.86334920818;1.66173131271526;3.95302040566633;0.243629182401162;4.94363469747132;0.186657101146706;NA;NA;NA;NA
